,Video_ID,Title,Published_Date,View_count,Like_count,Comment_count,Duration,Defintion,Caption,Month,Year,Weekday,LikeRatio,Videos_with_Mill,url
0,EHWQs2v_NS8,I  NEED  YOUR  HELP!,2022-09-15,853021,100858,5256,PT8M6S,hd,true,9,2022,Thursday,11.82,0,https://www.youtube.com/watch?v=EHWQs2v_NS8
1,JXGx3Swvyng,Samsung Z Flip 4 Durability Test!! - they slipped a bit...,2022-09-09,767441,32417,1725,PT9M55S,hd,true,9,2022,Friday,4.22,0,https://www.youtube.com/watch?v=JXGx3Swvyng
2,mpbfZ7Tiqsw,Taking &#39;Not a Wheelchair&#39; to the NEXT LEVEL? - New Shop Tour!,2022-09-07,910238,63848,3287,PT18M12S,hd,true,9,2022,Wednesday,7.01,0,https://www.youtube.com/watch?v=mpbfZ7Tiqsw
3,1C1XpwR55ZY,Samsung Z Fold 4 Teardown! - They changed the Hinge?!,2022-09-02,791083,35630,1657,PT11M35S,hd,true,9,2022,Friday,4.5,0,https://www.youtube.com/watch?v=1C1XpwR55ZY
4,rNeK9LBUF84,I messed this one up....,2022-08-31,673315,31793,1051,PT6M24S,hd,true,8,2022,Wednesday,4.72,0,https://www.youtube.com/watch?v=rNeK9LBUF84
5,RteJVUwzhWs,Samsung Z Fold 4 Durability Test! - Samsung says its &#39;Unbreakable&#39;?!,2022-08-29,1534351,65160,3780,PT9M50S,hd,true,8,2022,Monday,4.25,1,https://www.youtube.com/watch?v=RteJVUwzhWs
6,va7I2r24EnE,Google Pixel 6A Durability Test! - I can feel it...,2022-08-20,691773,32853,1537,PT6M11S,hd,true,8,2022,Saturday,4.75,0,https://www.youtube.com/watch?v=va7I2r24EnE
7,LW2lAlZPlUs,Has OnePlus Fixed their Newest Phone? - Durability Test!,2022-08-17,1033565,46296,3360,PT6M39S,hd,true,8,2022,Wednesday,4.48,1,https://www.youtube.com/watch?v=LW2lAlZPlUs
8,HKsIE2MeLc8,How many LEDs does Nothing have? - Lets Count Together!,2022-08-15,665882,49749,5236,PT14M42S,hd,true,8,2022,Monday,7.47,0,https://www.youtube.com/watch?v=HKsIE2MeLc8
9,EP8BFkZfWIY,Is Nothing hiding Something under the Glass?! - Teardown!,2022-08-12,1316177,121867,2626,PT9M47S,hd,true,8,2022,Friday,9.26,1,https://www.youtube.com/watch?v=EP8BFkZfWIY
10,0qyjuVa18sY,This Gaming Phone gets HOT... in more ways than one.,2022-08-08,480542,25768,1083,PT9M42S,hd,true,8,2022,Monday,5.36,0,https://www.youtube.com/watch?v=0qyjuVa18sY
11,Ro971vwsgPg,Nothing Phone (1) Durability Test! - Here Goes Nothing...,2022-07-30,2585077,89230,2625,PT7M38S,hd,true,7,2022,Saturday,3.45,1,https://www.youtube.com/watch?v=Ro971vwsgPg
12,jmH8v8rY1vY,Its a bit smaller than we expected... - Xiaomi 12s Ultra Camera Sensor Teardown!,2022-07-28,1505921,50377,1934,PT8M43S,hd,true,7,2022,Thursday,3.35,1,https://www.youtube.com/watch?v=jmH8v8rY1vY
13,nihmzNCNcbo,Worlds Largest Smartphone Camera? - Durability Test!,2022-07-23,730441,31103,1854,PT8M13S,hd,true,7,2022,Saturday,4.26,0,https://www.youtube.com/watch?v=nihmzNCNcbo
14,hxf-fIubkMs,The Worlds Most Advanced Wheelchair! - (It Climbs Stairs!?!),2022-07-13,4232225,145892,9579,PT12M4S,hd,true,7,2022,Wednesday,3.45,1,https://www.youtube.com/watch?v=hxf-fIubkMs
15,OO23RTRIVGU,EASIEST Off Grid Solar Power... just like a little Lego,2022-07-06,909043,32636,1500,PT17M52S,hd,true,7,2022,Wednesday,3.59,0,https://www.youtube.com/watch?v=OO23RTRIVGU
16,h_sS1fjfZVY,This Rugged Speaker is made from.... Silk?,2022-07-05,426841,22461,850,PT7M50S,hd,true,7,2022,Tuesday,5.26,0,https://www.youtube.com/watch?v=h_sS1fjfZVY
17,ks86a6Xtvmo,"How to Drive a 60,000 pound Garbage Truck? - (it&#39;s Electric!)",2022-06-30,413395,24418,1268,PT15M15S,hd,true,6,2022,Thursday,5.91,0,https://www.youtube.com/watch?v=ks86a6Xtvmo
18,DsRbD79K8pw,The Invisible Front Camera finally got one thing right...,2022-06-27,1211186,47698,2565,PT8M32S,hd,true,6,2022,Monday,3.94,1,https://www.youtube.com/watch?v=DsRbD79K8pw
19,EhGCurD9P0w,The Worlds LOUDEST Smartphone - Durability Test!,2022-06-18,736123,35632,1488,PT10M7S,hd,true,6,2022,Saturday,4.84,0,https://www.youtube.com/watch?v=EhGCurD9P0w
20,eTsiE3tmnI4,How NOT to get rid of weeds......,2022-06-02,660875,33625,1495,PT11M6S,hd,true,6,2022,Thursday,5.09,0,https://www.youtube.com/watch?v=eTsiE3tmnI4
21,uNP5o8dLja4,I&#39;ve Driven my Rivian 1500 Miles! - And something already broken...,2022-05-31,2889354,85258,6377,PT14M45S,hd,true,5,2022,Tuesday,2.95,1,https://www.youtube.com/watch?v=uNP5o8dLja4
22,RQzW0RT1YSg,My Electric Hummer has a HUGE Problem... and its all my fault.,2022-05-27,1390116,65903,2902,PT15M24S,hd,true,5,2022,Friday,4.74,1,https://www.youtube.com/watch?v=RQzW0RT1YSg
23,5PB3VBK8VJk,Steam Deck Teardown! - There&#39;s a secret inside the track pad...,2022-05-24,623386,30972,1321,PT11M53S,hd,true,5,2022,Tuesday,4.97,0,https://www.youtube.com/watch?v=5PB3VBK8VJk
24,66xbBtnxb5k,Steam Deck Durability Test! - Is the &#39;Upgraded Glass&#39; Worth it?,2022-05-16,837255,37263,2077,PT9M3S,hd,true,5,2022,Monday,4.45,0,https://www.youtube.com/watch?v=66xbBtnxb5k
25,CBJRmJSl-no,TWO YEAR Solar Update!! - Is Do it Yourself Solar Worth it?!,2022-05-13,801440,37079,1515,PT11M8S,hd,true,5,2022,Friday,4.63,0,https://www.youtube.com/watch?v=CBJRmJSl-no
26,S_-xcaI0yYk,The Worlds  *Most*  POWERFUL Truck: The F-150 Lightning,2022-05-11,1054553,39951,3134,PT15M9S,hd,true,5,2022,Wednesday,3.79,1,https://www.youtube.com/watch?v=S_-xcaI0yYk
27,e9KyEgw4PKQ,Xiaomi 12 Pro vs OnePlus 10 Pro - Durability Test!,2022-04-30,1018388,42955,1898,PT8M33S,hd,true,4,2022,Saturday,4.22,1,https://www.youtube.com/watch?v=e9KyEgw4PKQ
28,kYkGsXiRl1w,The ELECTRIC HUMMER projects &#39;coolest&#39; video YET...,2022-04-28,1075591,63957,3483,PT27M55S,hd,true,4,2022,Thursday,5.95,1,https://www.youtube.com/watch?v=kYkGsXiRl1w
29,pJvRavZ2mSk,Transparent Technology - WHERE DID IT GO?!,2022-04-21,481518,28675,1908,PT8M40S,hd,true,4,2022,Thursday,5.96,0,https://www.youtube.com/watch?v=pJvRavZ2mSk
30,EIjjpOJ0ghg,Galaxy Tab S8 Ultra - You think you know... but do you?,2022-04-09,1397685,73475,4778,PT10M24S,hd,true,4,2022,Saturday,5.26,1,https://www.youtube.com/watch?v=EIjjpOJ0ghg
31,E9V5b5FSxGk,Is the HUMMER EV really the World&#39;s Most Powerful Electric Truck? - Off Roading!,2022-04-07,874950,37540,2044,PT13M12S,hd,true,4,2022,Thursday,4.29,0,https://www.youtube.com/watch?v=E9V5b5FSxGk
32,TI9Rcny1DM0,I *FINALLY* bought a New Electric Truck!!,2022-04-02,1236996,68548,3968,PT9M45S,hd,true,4,2022,Saturday,5.54,1,https://www.youtube.com/watch?v=TI9Rcny1DM0
33,r0znjWhAhY4,Is my Electric Hummer LEGAL?! - Lets do some programming...,2022-03-31,1151140,58571,2669,PT14M9S,hd,true,3,2022,Thursday,5.09,1,https://www.youtube.com/watch?v=r0znjWhAhY4
34,WysZA01JQSY,This Video Doorbell Fixes Everything! - Every doorbell should have this...,2022-03-21,1140162,19917,1239,PT4M34S,hd,true,3,2022,Monday,1.75,1,https://www.youtube.com/watch?v=WysZA01JQSY
35,xyVgmo7Ljc8,Can a SIM Ejector Tool wreck your iPhone?! - Be Careful!,2022-03-17,884338,39816,1854,PT7M17S,hd,true,3,2022,Thursday,4.5,0,https://www.youtube.com/watch?v=xyVgmo7Ljc8
36,CP_zUUbStyQ,Worlds First ELECTRIC Snowmobile - A Battery Powered Sled?!,2022-03-11,370236,19429,1356,PT9M15S,hd,true,3,2022,Friday,5.25,0,https://www.youtube.com/watch?v=CP_zUUbStyQ
37,NMnLzYWuLGo,Galaxy S22 Ultra Teardown - Can the S-Pen hole Leak?!,2022-03-08,1357989,57236,2876,PT10M41S,hd,true,3,2022,Tuesday,4.21,1,https://www.youtube.com/watch?v=NMnLzYWuLGo
38,lbJCTtWU86A,Will internal LED&#39;s compromise this Gaming Phone!? - Durability Test!,2022-03-05,664446,37096,1463,PT8M24S,hd,true,3,2022,Saturday,5.58,0,https://www.youtube.com/watch?v=lbJCTtWU86A
39,xihI456cy34,Galaxy S22 Ultra Durability Test - How does the New S-Pen Work?!,2022-03-01,2364050,115984,7825,PT8M24S,hd,true,3,2022,Tuesday,4.91,1,https://www.youtube.com/watch?v=xihI456cy34
40,idX-x5W5O30,Somethings wrong with the OnePlus 10 Pro... - Durability Test!,2022-02-21,2884340,119031,8087,PT10M28S,hd,true,2,2022,Monday,4.13,1,https://www.youtube.com/watch?v=idX-x5W5O30
41,gidJopKtcnc,Want a Ride? - My Electric Hummer Battery is MOUNTED!!,2022-02-19,1650610,87787,6211,PT31M10S,hd,true,2,2022,Saturday,5.32,1,https://www.youtube.com/watch?v=gidJopKtcnc
42,LR9FtWVjk2c,What *REALLY* happens to &#39;Recycled&#39; Glass?!  -  (you might be surprised),2022-01-31,10462575,207864,12695,PT12M43S,hd,true,1,2022,Monday,1.99,1,https://www.youtube.com/watch?v=LR9FtWVjk2c
43,2Nt3J4ZvkbM,Does the Oppo Find N *REALLY* have a 136 part Hinge? - Teardown!,2022-01-27,733818,33801,1493,PT12M10S,hd,true,1,2022,Thursday,4.61,0,https://www.youtube.com/watch?v=2Nt3J4ZvkbM
44,2pmYoZNCgTY,The Oppo Find N - Can the Newcomer Survive?,2022-01-21,989991,44187,2282,PT10M,hd,true,1,2022,Friday,4.46,0,https://www.youtube.com/watch?v=2pmYoZNCgTY
45,npZKOIKhh08,Can my Garage Handle 4K Lasers?! - New Portable Theater,2022-01-16,609862,27260,885,PT6M22S,hd,true,1,2022,Sunday,4.47,0,https://www.youtube.com/watch?v=npZKOIKhh08
46,8MHNH9jhmDI,NEW WHEELS! - My Electric Hummer Has Liquids inside?,2022-01-14,1876348,78590,3788,PT13M55S,hd,true,1,2022,Friday,4.19,1,https://www.youtube.com/watch?v=8MHNH9jhmDI
47,If0ISjRjcBo,Smartphone Durability Awards 2021!,2022-01-07,782610,39426,1477,PT9M35S,hd,true,1,2022,Friday,5.04,0,https://www.youtube.com/watch?v=If0ISjRjcBo
48,yS_jxAIPCPw,Building the Brains of the HIGH VOLTAGE System - IT MOVES!!,2021-12-31,1864544,74454,4120,PT33M11S,hd,true,12,2021,Friday,3.99,1,https://www.youtube.com/watch?v=yS_jxAIPCPw
49,4aKk7tve_gk,Worlds Largest Smartphone Camera! - The Ceramic Mi 11 Ultra Durability Test!,2021-12-11,1268003,46831,2404,PT8M11S,hd,true,12,2021,Saturday,3.69,1,https://www.youtube.com/watch?v=4aKk7tve_gk
50,v-ZAMsMO-7c,Finally! A Modular Flagship?! - Durability test!,2021-12-02,878352,42917,2716,PT10M12S,hd,true,12,2021,Thursday,4.89,0,https://www.youtube.com/watch?v=v-ZAMsMO-7c
51,vhV5yeXehbc,My Electric Hummer is Bulletproof!? (Kinda) - 450 Volt Charger Install,2021-11-24,870754,47987,1763,PT17M11S,hd,true,11,2021,Wednesday,5.51,0,https://www.youtube.com/watch?v=vhV5yeXehbc
52,mLt7JRCS1po,Microsoft Duo 2 Durability Test! - There&#39;s one big problem...,2021-11-22,624652,29366,1732,PT8M24S,hd,true,11,2021,Monday,4.7,0,https://www.youtube.com/watch?v=mLt7JRCS1po
53,QXJjJYUeEpg,I got a *little* help with my Electric Hummer - We Have a DISPLAY!,2021-11-17,1054614,66404,3534,PT12M20S,hd,true,11,2021,Wednesday,6.3,1,https://www.youtube.com/watch?v=QXJjJYUeEpg
54,ZHyHEp6coSw,Pixel 6 Pro Teardown - Easiest Screen Repair Ever?,2021-11-12,1548450,49295,1652,PT6M36S,hd,true,11,2021,Friday,3.18,1,https://www.youtube.com/watch?v=ZHyHEp6coSw
55,d3EfFBRAYQQ,Pixel 6 Pro Durability Test! - How much Plastic this time?,2021-11-05,1978955,73277,2991,PT6M8S,hd,true,11,2021,Friday,3.7,1,https://www.youtube.com/watch?v=d3EfFBRAYQQ
56,7G62pp8gstQ,Samsung Z Flip 3 TEARDOWN! - Lets try something new...,2021-10-30,1582407,64022,2091,PT9M39S,hd,true,10,2021,Saturday,4.05,1,https://www.youtube.com/watch?v=7G62pp8gstQ
57,Eppsx71XW7I,I AM NOT THE LOCK PICKING LAWYER!!,2021-10-27,1492480,87602,7465,PT7M12S,hd,true,10,2021,Wednesday,5.87,1,https://www.youtube.com/watch?v=Eppsx71XW7I
58,jHwEkX9fFaA,Is the new OLED Nintendo Switch made from METAL?! - Durability Test!,2021-10-22,1767544,66381,6892,PT10M48S,hd,true,10,2021,Friday,3.76,1,https://www.youtube.com/watch?v=jHwEkX9fFaA
59,iNnVlWPqHQc,We grew more than just pumpkins this year...,2021-10-15,3683278,145828,14401,PT29M32S,hd,true,10,2021,Friday,3.96,1,https://www.youtube.com/watch?v=iNnVlWPqHQc
60,wpWFV41U5Wk,The iPhone 13 Pro Max has TWO Secrets inside?! - Teardown!,2021-10-08,5898089,178934,8920,PT13M21S,hd,true,10,2021,Friday,3.03,1,https://www.youtube.com/watch?v=wpWFV41U5Wk
61,L2gT8fbEq54,A few things Apple hasn&#39;t told you... - iPhone 13 Pro Max Durability Test!,2021-09-30,6863429,226329,14693,PT8M59S,hd,true,9,2021,Thursday,3.3,1,https://www.youtube.com/watch?v=L2gT8fbEq54
62,aOGFYrNS0wo,How to Add Power Steering to an Electric Hummer - (I know you&#39;re curious),2021-09-29,1157638,83893,5022,PT18M49S,hd,true,9,2021,Wednesday,7.25,1,https://www.youtube.com/watch?v=aOGFYrNS0wo
63,KGqexebCcUo,The Worlds first *REAL* Electric Truck! -  Everything You Need to Know!,2021-09-28,3814371,129924,13384,PT21M44S,hd,true,9,2021,Tuesday,3.41,1,https://www.youtube.com/watch?v=KGqexebCcUo
64,UnUETXefYD8,Samsung Z Flip 3 Durability Test! - Can it survive Dirt?!,2021-09-24,2367803,83991,4856,PT9M52S,hd,true,9,2021,Friday,3.55,1,https://www.youtube.com/watch?v=UnUETXefYD8
65,RvkWB1NLJFQ,We stole the Brakes from a Tesla! - Totally Silent Electric Hummer?,2021-09-22,1143847,66028,4007,PT15M34S,hd,true,9,2021,Wednesday,5.77,1,https://www.youtube.com/watch?v=RvkWB1NLJFQ
66,BreeHRtXhL8,How do Robot Taxis Work?! - First Drive!,2021-09-21,394962,25447,2397,PT9M33S,hd,true,9,2021,Tuesday,6.44,0,https://www.youtube.com/watch?v=BreeHRtXhL8
67,fs8u73z-ums,How to Vacuum your House using LASERS?! - Teardown!,2021-09-16,1077649,45478,4676,PT8M14S,hd,true,9,2021,Thursday,4.22,1,https://www.youtube.com/watch?v=fs8u73z-ums
68,8sPpL_9SaBk,Will My Electric Hummer Motor Spin?! - DANGER HIGH VOLTAGE!,2021-09-15,1190584,80349,4255,PT18M34S,hd,true,9,2021,Wednesday,6.75,1,https://www.youtube.com/watch?v=8sPpL_9SaBk
69,oIoriVDjtSI,We might have a problem with the Brakes... - Electric Hummer Conversion!,2021-09-08,1173604,60544,2981,PT16M2S,hd,true,9,2021,Wednesday,5.16,1,https://www.youtube.com/watch?v=oIoriVDjtSI
70,1KMOXdqeE5E,Is the Galaxy Fold 3 really Hydrophobic?! - Waterproof Teardown!,2021-09-04,2563545,80549,4375,PT14M21S,hd,true,9,2021,Saturday,3.14,1,https://www.youtube.com/watch?v=1KMOXdqeE5E
71,RzJZHHIcEbc,Does My Electric Hummer have a KEY? - Time for some LED upgrades!,2021-09-01,1645888,83952,6339,PT31M21S,hd,true,9,2021,Wednesday,5.1,1,https://www.youtube.com/watch?v=RzJZHHIcEbc
72,Qg0VFIxI_Uo,How to Charge my Electric Hummer?! - a Waterproof Vehicle Charger?,2021-08-30,1163808,66624,2648,PT9M8S,hd,true,8,2021,Monday,5.72,1,https://www.youtube.com/watch?v=Qg0VFIxI_Uo
73,F8Thuw3qPGw,Is the Galaxy Fold 3 really 80% Stronger?! - Durability Test!,2021-08-28,6426765,173662,9503,PT11M39S,hd,true,8,2021,Saturday,2.7,1,https://www.youtube.com/watch?v=F8Thuw3qPGw
74,yVcjVsk29XQ,Building the Brains of a Low Voltage System - Electric Hummer Conversion,2021-08-25,1403166,66382,4003,PT25M38S,hd,true,8,2021,Wednesday,4.73,1,https://www.youtube.com/watch?v=yVcjVsk29XQ
75,NW5ISOB2SvI,Will an Under Display Camera work OUTSIDE the phone? - Teardown!,2021-08-20,683467,37322,1284,PT8M4S,hd,true,8,2021,Friday,5.46,0,https://www.youtube.com/watch?v=NW5ISOB2SvI
76,rcP7ZvzyZwM,Mounting my Electric Hummer Motor - WITH LASERS!,2021-08-18,1702104,92376,5165,PT20M33S,hd,true,8,2021,Wednesday,5.43,1,https://www.youtube.com/watch?v=rcP7ZvzyZwM
77,Nk9877d2rJw,Under Display Cameras are getting Scary... Durability Test!,2021-08-16,895448,44099,3315,PT8M34S,hd,true,8,2021,Monday,4.92,0,https://www.youtube.com/watch?v=Nk9877d2rJw
78,hp1uI4D7NRQ,How Strong is my NEW Electric Hummer Motor? - EV Conversion!,2021-08-11,1708686,92640,5232,PT12M48S,hd,true,8,2021,Wednesday,5.42,1,https://www.youtube.com/watch?v=hp1uI4D7NRQ
79,hXbj78ikyu8,The phone OnePlus doesn&#39;t talk about... - Durability Test!,2021-08-06,957744,40722,2346,PT7M28S,hd,true,8,2021,Friday,4.25,0,https://www.youtube.com/watch?v=hXbj78ikyu8
80,QeZRjCnyYxA,How to build an Electric Hummer? Step One â€“ TEARDOWN!,2021-08-04,1082681,62599,4206,PT21M42S,hd,true,8,2021,Wednesday,5.78,1,https://www.youtube.com/watch?v=QeZRjCnyYxA
81,5541ORa6HuE,Its time to upgrade my Security! - 360Â° Motorized Camera?!,2021-07-30,1226393,28071,1284,PT5M59S,hd,true,7,2021,Friday,2.29,1,https://www.youtube.com/watch?v=5541ORa6HuE
82,YxkPuEmIX4U,Can I build my OWN Electric Truck?! -  Say Hello to the EV Humvee!,2021-07-28,1168981,72992,3318,PT8M25S,hd,true,7,2021,Wednesday,6.24,1,https://www.youtube.com/watch?v=YxkPuEmIX4U
83,EYXvWIITuMQ,I broke my phone TWICE! - Is Karma finally catching up?!,2021-07-26,1581912,86299,15051,PT8M6S,hd,true,7,2021,Monday,5.46,1,https://www.youtube.com/watch?v=EYXvWIITuMQ
84,UnTJScmSLYs,Off Grid Solar Battery! - So easy its *Almost* Cheating...,2021-07-23,1478029,45576,2180,PT16M30S,hd,true,7,2021,Friday,3.08,1,https://www.youtube.com/watch?v=UnTJScmSLYs
85,Q49htudxPl4,Red Magic 6 Teardown! - I made a mistake....,2021-07-08,755404,39252,1631,PT8M31S,hd,true,7,2021,Thursday,5.2,0,https://www.youtube.com/watch?v=Q49htudxPl4
86,5TjVDmbGDlc,How to charge an iPhone with Magnets!,2021-07-02,562272,30411,1009,PT4M57S,hd,true,7,2021,Friday,5.41,0,https://www.youtube.com/watch?v=5TjVDmbGDlc
87,x9Qf1dTbhsU,The Worlds Most Waterproof Smart Phone! - Teardown,2021-06-24,1008409,54328,2325,PT7M53S,hd,true,6,2021,Thursday,5.39,1,https://www.youtube.com/watch?v=x9Qf1dTbhsU
88,gM_Jm_6tqEQ,Our Garden Can Now Water Itself! - How to Harness Gravity?,2021-06-14,1313953,51241,2492,PT12M46S,hd,true,6,2021,Monday,3.9,1,https://www.youtube.com/watch?v=gM_Jm_6tqEQ
89,qKLS6-mz7bk,NEW iPad Pro M1 Durability Test! - Are Apple Mini LED&#39;s Stronger?,2021-06-10,1756508,75363,6649,PT9M3S,hd,true,6,2021,Thursday,4.29,1,https://www.youtube.com/watch?v=qKLS6-mz7bk
90,KbJAiws4nGk,How strong is a CARBON FIBER smartphone?! - Durability Test!,2021-06-08,1274765,58386,2853,PT10M36S,hd,true,6,2021,Tuesday,4.58,1,https://www.youtube.com/watch?v=KbJAiws4nGk
91,dl_RJ22hRIQ,How Fast is 5G on a Mountain?! - Lets find out...,2021-06-02,345548,22678,1704,PT4M35S,hd,true,6,2021,Wednesday,6.56,0,https://www.youtube.com/watch?v=dl_RJ22hRIQ
92,vY9pSF9yo6M,How quiet is a 100% Electric lawn mower?! - How to Plant Fruit Trees!,2021-05-26,1359682,45960,2283,PT8M54S,hd,true,5,2021,Wednesday,3.38,1,https://www.youtube.com/watch?v=vY9pSF9yo6M
93,7PW8I-LUJzE,A NEW Sapphire Smartphone?! - Ultra Rugged or Ultra Premium?,2021-05-21,1864565,87996,4831,PT9M25S,hd,true,5,2021,Friday,4.72,1,https://www.youtube.com/watch?v=7PW8I-LUJzE
94,Ep_-77fheqs,Does the Folding Mate X2 have Hidden Carbon Fiber? - Teardown!,2021-05-15,647988,33274,1494,PT10M53S,hd,true,5,2021,Saturday,5.13,0,https://www.youtube.com/watch?v=Ep_-77fheqs
95,5MaPqUYAetg,Apple AirTag Teardown! - How easy does it scratch?,2021-05-04,1555948,70544,3353,PT5M8S,hd,true,5,2021,Tuesday,4.53,1,https://www.youtube.com/watch?v=5MaPqUYAetg
96,j-HFSre2Z7w,"a $3,000 dollar folding phone?! - Huawei Mate X2 Durability Test!",2021-04-30,1940328,77975,3459,PT9M15S,hd,true,4,2021,Friday,4.02,1,https://www.youtube.com/watch?v=j-HFSre2Z7w
97,OtBmHFkvHxM,How do &#39;Magnet Triggers&#39; work? - Blackshark 4 Teardown!,2021-04-28,1015364,44007,1197,PT6M8S,hd,true,4,2021,Wednesday,4.33,1,https://www.youtube.com/watch?v=OtBmHFkvHxM
98,W3lYGreNvGY,An ICE COLD Gaming Phone? - Durability Test!,2021-04-23,1170501,57100,2544,PT11M14S,hd,true,4,2021,Friday,4.88,1,https://www.youtube.com/watch?v=W3lYGreNvGY
99,vBquse_KAdI,One Year Solar Update! - Is Do it Yourself Solar worth it?,2021-04-20,2008056,79770,4463,PT11M28S,hd,true,4,2021,Tuesday,3.97,1,https://www.youtube.com/watch?v=vBquse_KAdI
100,iVixsjxdwCs,Weve Never Seen This in a Phone! - Legion Duel 2 Teardown!,2021-04-14,2690858,66857,2342,PT8M24S,hd,true,4,2021,Wednesday,2.48,1,https://www.youtube.com/watch?v=iVixsjxdwCs
101,NPYyaipxg3w,Does size matter? - How big is Realme&#39;s 108mp Camera?,2021-04-13,619891,30645,1630,PT6M33S,hd,true,4,2021,Tuesday,4.94,0,https://www.youtube.com/watch?v=NPYyaipxg3w
102,Jz_vxrm8rjM,The coolest phone I&#39;ve ever broken - Legion Duel Phone 2,2021-04-08,2469881,101829,7667,PT10M40S,hd,true,4,2021,Thursday,4.12,1,https://www.youtube.com/watch?v=Jz_vxrm8rjM
103,--H4Kp5fa58,What if your phone arrived like this?! - OnePlus 9 Pro Teardown!,2021-04-06,1209056,65518,3313,PT7M56S,hd,true,4,2021,Tuesday,5.42,1,https://www.youtube.com/watch?v=--H4Kp5fa58
104,LFF08MZuRIA,An Electric HUMMER SUV?! - First look at the Tesla rescue vehicle,2021-04-05,1083666,44030,2813,PT11M32S,hd,true,4,2021,Monday,4.06,1,https://www.youtube.com/watch?v=LFF08MZuRIA
105,njJ7CwyLtOQ,108 Megapixels for $300?! - Smartphone Durability test!,2021-03-30,1048006,53350,4060,PT6M40S,hd,true,3,2021,Tuesday,5.09,1,https://www.youtube.com/watch?v=njJ7CwyLtOQ
106,8XFj-ri0WeU,OnePlus 9 Pro Durability Test! - Who is Hasselblad?!,2021-03-23,2898938,106383,4983,PT7M22S,hd,true,3,2021,Tuesday,3.67,1,https://www.youtube.com/watch?v=8XFj-ri0WeU
107,Ro6DKfFS1vk,ROG Phone 5 Teardown! - Why did it break?!,2021-03-19,1335209,61184,2912,PT8M29S,hd,true,3,2021,Friday,4.58,1,https://www.youtube.com/watch?v=Ro6DKfFS1vk
108,Dqi9QGyRWGk,The ROG Phone 5 has a Problem - Durability Test Fail!,2021-03-17,2739995,132623,7945,PT9M54S,hd,true,3,2021,Wednesday,4.84,1,https://www.youtube.com/watch?v=Dqi9QGyRWGk
109,Fm0APKsiXY8,A $2500 Teardown?! - its a party on the inside...,2021-03-12,961809,48090,3117,PT10M39S,hd,true,3,2021,Friday,5.0,0,https://www.youtube.com/watch?v=Fm0APKsiXY8
110,350GNcnD_Q0,The Worlds Most &#39;Professional&#39; Phone? - Durability Test!,2021-03-04,1578013,62098,3227,PT8M15S,hd,true,3,2021,Thursday,3.94,1,https://www.youtube.com/watch?v=350GNcnD_Q0
111,iV7aQbBiMCM,How to build a Tesla in your Garage!! - Electric SuperCar,2021-02-25,1021315,42635,2083,PT12M17S,hd,true,2,2021,Thursday,4.17,1,https://www.youtube.com/watch?v=iV7aQbBiMCM
112,_7OYYMEbKrU,Fairphone 3+ Durability Test! - it feels like cheating...,2021-02-18,1066855,61567,3945,PT7M19S,hd,true,2,2021,Thursday,5.77,1,https://www.youtube.com/watch?v=_7OYYMEbKrU
113,t1MEIszXiok,Xiaomi Mi 11 Teardown! - Lets find that battery...,2021-02-12,1318924,58861,2402,PT6M37S,hd,true,2,2021,Friday,4.46,1,https://www.youtube.com/watch?v=t1MEIszXiok
114,Y9q75LV6uz0,Is the Xiaomi Mi 11 Pretending? - Durability Test!,2021-02-09,1620562,78627,3385,PT5M51S,hd,true,2,2021,Tuesday,4.85,1,https://www.youtube.com/watch?v=Y9q75LV6uz0
115,MYSQub76fH8,Galaxy S21 Ultra Teardown! - Its bigger than you think....,2021-01-28,2411358,79441,3535,PT6M9S,hd,true,1,2021,Thursday,3.29,1,https://www.youtube.com/watch?v=MYSQub76fH8
116,Y4wrxLVs3eU,Galaxy S21 Ultra Durability Test - What About the Camera?!,2021-01-26,2872304,114066,8525,PT7M15S,hd,true,1,2021,Tuesday,3.97,1,https://www.youtube.com/watch?v=Y4wrxLVs3eU
117,no42PL4sTlQ,The Worlds Smallest Nintendo? - Durability Test!,2021-01-15,629606,31101,2366,PT5M53S,hd,true,1,2021,Friday,4.94,0,https://www.youtube.com/watch?v=no42PL4sTlQ
118,8XuexCeeaqg,Smartphone Durability Awards 2020!,2021-01-05,1591519,87006,6577,PT9M34S,hd,true,1,2021,Tuesday,5.47,1,https://www.youtube.com/watch?v=8XuexCeeaqg
119,CBphVkqc_OI,I&#39;ve NEVER seen a projector do this! - Nebula Smart Projector Teardown!,2021-01-02,663864,31208,1323,PT5M6S,hd,true,1,2021,Saturday,4.7,0,https://www.youtube.com/watch?v=CBphVkqc_OI
120,u2J_5JnqQ8Y,Under Display Camera TEARDOWN - How does it work?!,2020-12-28,1192742,53358,2000,PT5M55S,hd,true,12,2020,Monday,4.47,1,https://www.youtube.com/watch?v=u2J_5JnqQ8Y
121,OmQu1qvDuRU,Worlds FIRST Under Display Camera?! - Durability Test!,2020-12-23,1757281,76130,4031,PT7M26S,hd,true,12,2020,Wednesday,4.33,1,https://www.youtube.com/watch?v=OmQu1qvDuRU
122,fCl3zjtuLNg,Quickest way to hang a HUGE TV? - With magic...,2020-12-21,460203,27092,1670,PT8M21S,hd,true,12,2020,Monday,5.89,0,https://www.youtube.com/watch?v=fCl3zjtuLNg
123,Q35nzPyHO8g,The Dumbest Smartphone?! - Durability Test!,2020-12-09,2466877,87607,6908,PT8M55S,hd,true,12,2020,Wednesday,3.55,1,https://www.youtube.com/watch?v=Q35nzPyHO8g
124,3KMdkC536vs,Pixel 5 Teardown - ITS ALIVE! (kinda...),2020-12-04,1005710,45699,2071,PT5M22S,hd,true,12,2020,Friday,4.54,1,https://www.youtube.com/watch?v=3KMdkC536vs
125,nr8Um2aJr2c,Is the Google Pixel 5 Really made of Metal? - Durability Test!,2020-12-02,2066696,77774,5410,PT10M4S,hd,true,12,2020,Wednesday,3.76,1,https://www.youtube.com/watch?v=nr8Um2aJr2c
126,1ueaqvpxQhE,How to Fix Joy-Con Drift on Nintendo Switch + JerryRig Studio Tour!,2020-11-21,921592,46395,2998,PT11M8S,hd,true,11,2020,Saturday,5.03,0,https://www.youtube.com/watch?v=1ueaqvpxQhE
127,V17BXrN7cq4,iPhone 12 Pro Max Teardown! - I&#39;ve NEVER seen this before...,2020-11-19,4174783,140334,5534,PT8M15S,hd,true,11,2020,Thursday,3.36,1,https://www.youtube.com/watch?v=V17BXrN7cq4
128,u-rqA24SikA,iPhone 12 Pro Max vs iPhone Mini - Durability Test!!,2020-11-16,3236766,107524,7360,PT8M38S,hd,true,11,2020,Monday,3.32,1,https://www.youtube.com/watch?v=u-rqA24SikA
129,g9uJXvZOfPM,Google Pixel 4a Teardown! - its a tricky little guy...,2020-11-13,969223,41122,2749,PT6M2S,hd,true,11,2020,Friday,4.24,0,https://www.youtube.com/watch?v=g9uJXvZOfPM
130,Y_TwB9K60ao,Google Pixel 4a Durability Test! â€“ Simply Solid?,2020-11-06,1678485,69876,5879,PT6M8S,hd,true,11,2020,Friday,4.16,1,https://www.youtube.com/watch?v=Y_TwB9K60ao
131,etHEgZtjRWE,Massive Raised Garden UPDATE! - We made a HUGE mistake...,2020-11-03,1485855,54048,5141,PT20M52S,hd,true,11,2020,Tuesday,3.64,1,https://www.youtube.com/watch?v=etHEgZtjRWE
132,jaMHXe7Eqgs,iPhone 12 Pro Teardown - Where are the Magnets?!,2020-11-02,5598081,172799,8830,PT9M26S,hd,true,11,2020,Monday,3.09,1,https://www.youtube.com/watch?v=jaMHXe7Eqgs
133,LP6ppSM3xq4,iPhone 12 Pro Durability Test - Is &#39;Ceramic Shield&#39; Scratchproof?!,2020-10-28,11727767,353769,27724,PT9M12S,hd,true,10,2020,Wednesday,3.02,1,https://www.youtube.com/watch?v=LP6ppSM3xq4
134,FaNLkd0rzXk,I 3D Printed a 6000 pound Statue of MYSELF - Ultimate Prank!!,2020-10-22,3833332,112163,9283,PT24M49S,hd,true,10,2020,Thursday,2.93,1,https://www.youtube.com/watch?v=FaNLkd0rzXk
135,9FrnNTyOAes,All Electric HUMMER EV?! - Everything you need to know!,2020-10-21,4665488,106148,11188,PT13M19S,hd,true,10,2020,Wednesday,2.28,1,https://www.youtube.com/watch?v=9FrnNTyOAes
136,kjt60g5qQ_A,Oneplus 8T Teardown! - Are there really TWO batteries?,2020-10-16,1356256,56894,3737,PT6M36S,hd,true,10,2020,Friday,4.19,1,https://www.youtube.com/watch?v=kjt60g5qQ_A
137,70rQqQAc_q0,OnePlus 8T Durability Test - Is it worth the Ice Cream?!,2020-10-14,1889950,71304,4401,PT5M34S,hd,true,10,2020,Wednesday,3.77,1,https://www.youtube.com/watch?v=70rQqQAc_q0
138,myUh_x39arA,Galaxy Z Fold 2 Teardown! -- Where is the &#39;Folding Glass&#39;?,2020-10-06,1958045,72920,4076,PT11M53S,hd,true,10,2020,Tuesday,3.72,1,https://www.youtube.com/watch?v=myUh_x39arA
139,aYQ7A6wjH5Q,Samsung Z Fold 2 Durability Test! - Does 2 STILL Scratch at 2?!,2020-10-02,2439302,84415,6350,PT9M26S,hd,true,10,2020,Friday,3.46,1,https://www.youtube.com/watch?v=aYQ7A6wjH5Q
140,s6wI_pwjBi0,Microsoft Duo Teardown - We lost a good one.... ðŸ˜¢,2020-09-30,1513223,60539,3164,PT7M54S,hd,true,9,2020,Wednesday,4.0,1,https://www.youtube.com/watch?v=s6wI_pwjBi0
141,fxGI8r8vAFk,LG Wing Teardown! - HOW DOES IT WORK?!,2020-09-24,6917900,210544,17006,PT9M38S,hd,true,9,2020,Thursday,3.04,1,https://www.youtube.com/watch?v=fxGI8r8vAFk
142,6VTXnf5XMn8,Microsoft Duo Durability Test! - How Thin is too Thin?!,2020-09-18,3261733,98258,6694,PT9M30S,hd,true,9,2020,Friday,3.01,1,https://www.youtube.com/watch?v=6VTXnf5XMn8
143,qvqRUDv21As,The Dual Screen Phone You Already Forgot About? - Durability Test!,2020-09-08,1900083,80422,6057,PT7M5S,hd,true,9,2020,Tuesday,4.23,1,https://www.youtube.com/watch?v=qvqRUDv21As
144,XU52BmNR8q4,Samsung should explain this... Exynos vs Qualcomm?! - Note 20 Ultra,2020-09-04,5533360,188619,20491,PT10M22S,hd,true,9,2020,Friday,3.41,1,https://www.youtube.com/watch?v=XU52BmNR8q4
145,nIgu1Ge1llI,Samsung Note 20 Ultra Teardown! - No Copper Cooling inside?!,2020-08-27,1699042,72677,7485,PT10M25S,hd,true,8,2020,Thursday,4.28,1,https://www.youtube.com/watch?v=nIgu1Ge1llI
146,ZmFR8rvOsOY,ROG Phone 3 Teardown! - Is the &#39;Cooling&#39;  Inside Real?!,2020-08-19,1693719,70075,3618,PT9M22S,hd,true,8,2020,Wednesday,4.14,1,https://www.youtube.com/watch?v=ZmFR8rvOsOY
147,7eQG8mRlYHM,Galaxy Note 20 Ultra Durability Test - What is &#39;Victus&#39; Glass?,2020-08-17,4648786,147281,11082,PT9M21S,hd,true,8,2020,Monday,3.17,1,https://www.youtube.com/watch?v=7eQG8mRlYHM
148,46cliWE9tHY,Asus ROG Phone 3 Durability Test! - a CLEAR Gaming Phone?!,2020-08-15,1557261,73145,5425,PT9M46S,hd,true,8,2020,Saturday,4.7,1,https://www.youtube.com/watch?v=46cliWE9tHY
149,eweyhaE6mpI,Did Apple fix the New 2020 iPad Pro?! - Durability Test!,2020-08-04,4152903,164262,18542,PT10M46S,hd,true,8,2020,Tuesday,3.96,1,https://www.youtube.com/watch?v=eweyhaE6mpI
150,mKoyH27643Y,Ive never hung a TV this large before... What is NanoCell 8K?,2020-07-31,1337835,53716,3258,PT8M10S,hd,true,7,2020,Friday,4.02,1,https://www.youtube.com/watch?v=mKoyH27643Y
151,CiKtcJbUa9E,Oneplus Nord Teardown! - How many corners were cut inside?,2020-07-29,1735893,67163,3625,PT8M2S,hd,true,7,2020,Wednesday,3.87,1,https://www.youtube.com/watch?v=CiKtcJbUa9E
152,0SqEY8j91tk,OnePlus Nord Durability Test! - Sacrifices were made...,2020-07-27,4368689,147613,10068,PT7M35S,hd,true,7,2020,Monday,3.38,1,https://www.youtube.com/watch?v=0SqEY8j91tk
153,TSWThzqM5ro,My office door hasnt been locked in over a year... TEARDOWN!,2020-07-23,1677643,56627,3832,PT7M14S,hd,true,7,2020,Thursday,3.38,1,https://www.youtube.com/watch?v=TSWThzqM5ro
154,-KLFLb03qoc,A Dual Screen... Smartwatch?! - TicWatch Pro 4G Teardown!,2020-07-17,1491486,51960,2916,PT7M4S,hd,true,7,2020,Friday,3.48,1,https://www.youtube.com/watch?v=-KLFLb03qoc
155,E6-hG8lza3Q,Can this Off Road &#39;Wheelchair&#39; handle SNOW?!,2020-07-15,675725,29202,2331,PT8M25S,hd,true,7,2020,Wednesday,4.32,0,https://www.youtube.com/watch?v=E6-hG8lza3Q
156,7SEgOfw_b8Y,Its time for a MASSIVE Giveaway! - Not Clickbait,2020-07-11,881817,79250,68207,PT2M46S,hd,true,7,2020,Saturday,8.99,0,https://www.youtube.com/watch?v=7SEgOfw_b8Y
157,Z91g1gHt9gU,Taking apart that one phone... we already forgot existed?,2020-07-07,1060586,41928,2867,PT5M34S,hd,true,7,2020,Tuesday,3.95,1,https://www.youtube.com/watch?v=Z91g1gHt9gU
158,vuMg0QwKAGI,This is &#39;Not a Wheelchair&#39; - Introducing The Rig,2020-06-30,5609040,181136,13387,PT7M20S,hd,true,6,2020,Tuesday,3.23,1,https://www.youtube.com/watch?v=vuMg0QwKAGI
159,bfdYmYc3kTo,How to mount a MEGA OLED TV!... (without breaking it?),2020-06-26,1602945,60549,2882,PT6M17S,hd,true,6,2020,Friday,3.78,1,https://www.youtube.com/watch?v=bfdYmYc3kTo
160,c9xcAirailA,The first of its kind... - TCL 10 Pro Durability Test!,2020-06-23,1209081,47080,3910,PT6M24S,hd,true,6,2020,Tuesday,3.89,1,https://www.youtube.com/watch?v=c9xcAirailA
161,M81-gS1zUj0,Huawei P40 Pro Teardown - Where is the Ear Piece?,2020-06-18,1044177,39867,5243,PT6M56S,hd,true,6,2020,Thursday,3.82,1,https://www.youtube.com/watch?v=M81-gS1zUj0
162,bDHuvwwTnYc,Some things are more important than Technology...,2020-06-12,597395,53118,8696,PT6M13S,hd,true,6,2020,Friday,8.89,0,https://www.youtube.com/watch?v=bDHuvwwTnYc
163,p4tiHk5V_P4,Huawei P40 Pro Durability Test! - You cant buy this phone!,2020-06-10,1761203,59504,4787,PT6M2S,hd,true,6,2020,Wednesday,3.38,1,https://www.youtube.com/watch?v=p4tiHk5V_P4
164,ZZWMxwcFZOc,We&#39;ve NEVER seen cooling like this! - Poco F2 Pro Teardown!,2020-06-05,1911190,81576,4530,PT7M52S,hd,true,6,2020,Friday,4.27,1,https://www.youtube.com/watch?v=ZZWMxwcFZOc
165,PKZr3RQdci0,Poco F2 Pro Durability Test! - Is the Moving Camera Durable?,2020-06-03,1964746,65031,4413,PT7M4S,hd,true,6,2020,Wednesday,3.31,1,https://www.youtube.com/watch?v=PKZr3RQdci0
166,FWGKCV5rHRI,Tesla Model Y Durability Test - Off Roading on Arctic ICE?!,2020-05-27,1691590,74383,4398,PT11M3S,hd,true,5,2020,Wednesday,4.4,1,https://www.youtube.com/watch?v=FWGKCV5rHRI
167,KaVliK5Zgzg,Vegan Phone Teardown! - Its not as boring as we thought...,2020-05-25,821602,35596,2225,PT6M16S,hd,true,5,2020,Monday,4.33,0,https://www.youtube.com/watch?v=KaVliK5Zgzg
168,faKvUTEreXY,A Vegan Smartphone?! - Oppo Find X2 Pro Durability Test!,2020-05-20,1485785,49416,3329,PT6M31S,hd,true,5,2020,Wednesday,3.33,1,https://www.youtube.com/watch?v=faKvUTEreXY
169,-LUt89E-OY0,RedMagic 5G Teardown! - How does the Cooling Fan work?,2020-05-12,1720941,58081,3353,PT7M41S,hd,true,5,2020,Tuesday,3.37,1,https://www.youtube.com/watch?v=-LUt89E-OY0
170,pU4iFVR3RCg,GOLD Apple Watch Under Water for 9 MONTHS! - Can i Fix it?!,2020-05-08,6445140,187771,7943,PT13M28S,hd,true,5,2020,Friday,2.91,1,https://www.youtube.com/watch?v=pU4iFVR3RCg
171,1naFgA71F3I,iPhone SE (2020) Teardown! - Lets talk about Vibrators...,2020-05-05,3053499,95499,8701,PT9M16S,hd,true,5,2020,Tuesday,3.13,1,https://www.youtube.com/watch?v=1naFgA71F3I
172,Ol65mVa-Kuw,OnePlus 8 5G Giveaway! - (Plus Interstellar Glow Water Test),2020-04-28,1167875,76350,18771,PT6M34S,hd,true,4,2020,Tuesday,6.54,1,https://www.youtube.com/watch?v=Ol65mVa-Kuw
173,0oYdq6ri6eg,iPhone SE (2020) Durability Test â€“ Reasonably... Reasonable?,2020-04-26,4194833,127825,10551,PT6M13S,hd,true,4,2020,Sunday,3.05,1,https://www.youtube.com/watch?v=0oYdq6ri6eg
174,e3HFRlrQxH4,How to build a MASSIVE Raised Garden - For Wheelchair Users!,2020-04-24,1472761,56805,4948,PT9M21S,hd,true,4,2020,Friday,3.86,1,https://www.youtube.com/watch?v=e3HFRlrQxH4
175,HRBR8uAbvg8,OnePlus 8 Pro Teardown! - Big where it counts!,2020-04-17,3011679,99453,5461,PT8M,hd,true,4,2020,Friday,3.3,1,https://www.youtube.com/watch?v=HRBR8uAbvg8
176,dNTwVB3C9io,OnePlus 8 Pro Durability Test - a &#39;bit&#39; more than you might think...,2020-04-14,2883180,100465,7033,PT6M3S,hd,true,4,2020,Tuesday,3.48,1,https://www.youtube.com/watch?v=dNTwVB3C9io
177,jSa1tvrrFZg,Do It Yourself Solar Power? - Easy DIY Solar Panel Installation!,2020-04-10,3561715,103873,6052,PT16M24S,hd,true,4,2020,Friday,2.92,1,https://www.youtube.com/watch?v=jSa1tvrrFZg
178,1m8jmwH-5-w,365 Day Battery!? - Eufy Wireless Security Camera!,2020-04-08,1329768,49048,2896,PT8M57S,hd,true,4,2020,Wednesday,3.69,1,https://www.youtube.com/watch?v=1m8jmwH-5-w
179,D-41NqJyVVs,Dueling Heat Pipes &amp; Pop Up Buttons?! - BlackShark 3 Pro Teardown!,2020-04-01,2096989,130758,16174,PT8M6S,hd,true,4,2020,Wednesday,6.24,1,https://www.youtube.com/watch?v=D-41NqJyVVs
180,z9SZKYxd0rk,Pop-Up Buttons AND Active Cooling?! - Black Shark 3 Pro Durability Test!,2020-03-30,3218579,90107,5912,PT8M37S,hd,true,3,2020,Monday,2.8,1,https://www.youtube.com/watch?v=z9SZKYxd0rk
181,neLzN4QtTIk,Cheap Xiaomi 108mp Camera vs The S20 Ultra? - TEARDOWN!,2020-03-25,3350859,88418,4389,PT9M28S,hd,true,3,2020,Wednesday,2.64,1,https://www.youtube.com/watch?v=neLzN4QtTIk
182,Y5iY0monNBM,How I Met My Girlfriend?! (now wife) â€“ Ask JerryRig #5,2020-03-20,5293189,203212,15533,PT12M30S,hd,true,3,2020,Friday,3.84,1,https://www.youtube.com/watch?v=Y5iY0monNBM
183,k-OZVWcyN5w,Samsung S20 Ultra 5G Teardown! - Is the 5G even real?!,2020-03-12,3229985,93717,6251,PT12M41S,hd,true,3,2020,Thursday,2.9,1,https://www.youtube.com/watch?v=k-OZVWcyN5w
184,5gfXjY8kLw0,Mi Note 10 Durability Test! - 5 cameras for under $500?,2020-03-09,1594619,53457,4152,PT6M29S,hd,true,3,2020,Monday,3.35,1,https://www.youtube.com/watch?v=5gfXjY8kLw0
185,4DglJhWNYZc,Samsung Galaxy S20 Ultra Durability Test! - Is it... Ultra Strong?,2020-03-06,4969059,132302,9954,PT8M50S,hd,true,3,2020,Friday,2.66,1,https://www.youtube.com/watch?v=4DglJhWNYZc
186,eJzJMgCjVqo,2020 Moto Razr Teardown! - Better Hinge than the Z Flip?,2020-02-26,1875590,49062,2639,PT9M20S,hd,true,2,2020,Wednesday,2.62,1,https://www.youtube.com/watch?v=eJzJMgCjVqo
187,P52pqNMpXSU,Samsung Galaxy Z Flip Teardown! - Where is the Glass?!,2020-02-18,7029892,153687,9211,PT11M14S,hd,true,2,2020,Tuesday,2.19,1,https://www.youtube.com/watch?v=P52pqNMpXSU
188,bbAkY-Www40,Samsung Galaxy Z Flip Durability Test â€“ Fake Folding Glass?!,2020-02-16,14892504,339166,29179,PT12M1S,hd,true,2,2020,Sunday,2.28,1,https://www.youtube.com/watch?v=bbAkY-Www40
189,1F9TOJ951xo,Can you Safari in a Wheelchair?! - Motorized Chair Mod!,2020-02-11,806755,25016,1649,PT10M25S,hd,true,2,2020,Tuesday,3.1,0,https://www.youtube.com/watch?v=1F9TOJ951xo
190,Eokt7DWljtU,2020 Moto RAZR Durability Test! - Will the Folding Icon Survive!?,2020-02-08,6940340,165449,13349,PT13M16S,hd,true,2,2020,Saturday,2.38,1,https://www.youtube.com/watch?v=Eokt7DWljtU
191,ppJBYqQsEYw,The Banned Smartphone TEARDOWN! - Huawei Mate 30 Pro,2020-02-06,1650975,52659,6375,PT7M42S,hd,true,2,2020,Thursday,3.19,1,https://www.youtube.com/watch?v=ppJBYqQsEYw
192,YwJ_-bUlzTQ,This Phone is STILL Banned? - Mate 30 Pro Durability Test!,2020-01-29,2834436,77821,4471,PT7M6S,hd,true,1,2020,Wednesday,2.75,1,https://www.youtube.com/watch?v=YwJ_-bUlzTQ
193,JHGUszJv3NI,How to Build a School in Africa?! - Thank YOU!!,2020-01-22,1059084,68461,5095,PT12M51S,hd,true,1,2020,Wednesday,6.46,1,https://www.youtube.com/watch?v=JHGUszJv3NI
194,YqxrcEiFJtI,Smartphone Durability Awards 2019!,2020-01-13,2181594,77021,8558,PT6M41S,hd,true,1,2020,Monday,3.53,1,https://www.youtube.com/watch?v=YqxrcEiFJtI
195,tfTbjnKig1U,A Transparent OLED TV in a Refrigerator?! - CES 2020!,2020-01-09,1298051,43603,3207,PT6M38S,hd,true,1,2020,Thursday,3.36,1,https://www.youtube.com/watch?v=tfTbjnKig1U
196,jH3QvUSs-1U,How to Make a Purple Mattress! - Best bed of 2020?,2020-01-02,4585152,80596,5805,PT6M58S,hd,true,1,2020,Thursday,1.76,1,https://www.youtube.com/watch?v=jH3QvUSs-1U
197,I4ISuY2cHHo,How to Build a Motorized Wheelchair for Kids! - Easy!,2019-12-23,1852511,56831,3136,PT7M54S,hd,true,12,2019,Monday,3.07,1,https://www.youtube.com/watch?v=I4ISuY2cHHo
198,226kWMOVGGc,OLED vs QLED - With a Microscope! - What is the best TV?,2019-12-17,4494173,90042,9537,PT8M21S,hd,true,12,2019,Tuesday,2.0,1,https://www.youtube.com/watch?v=226kWMOVGGc
199,gRhPooSPprY,Jackery Portable Power Station Teardown! - Best charging deal of 2019?,2019-12-13,597036,20660,1326,PT5M26S,hd,true,12,2019,Friday,3.46,0,https://www.youtube.com/watch?v=gRhPooSPprY
200,7HCiR5xM3kA,I FINALLY got a new phone!!,2019-12-02,2957981,116024,9175,PT5M23S,hd,true,12,2019,Monday,3.92,1,https://www.youtube.com/watch?v=7HCiR5xM3kA
201,t6UtVSN3fno,Galaxy A80 Flippy Camera Teardown! - How does it work?!,2019-11-27,3456174,70631,2961,PT9M34S,hd,true,11,2019,Wednesday,2.04,1,https://www.youtube.com/watch?v=t6UtVSN3fno
202,DG9ezAuSn4c,Is the Tesla CyberTruck Worth it?! - A Truck Owners Thoughts,2019-11-22,8520226,183044,25376,PT8M42S,hd,true,11,2019,Friday,2.15,1,https://www.youtube.com/watch?v=DG9ezAuSn4c
203,bTf369a1JZ4,Pixel 4 XL Teardown! - Why does Google&#39;s Phone Snap?,2019-11-18,1421844,46897,3371,PT8M13S,hd,true,11,2019,Monday,3.3,1,https://www.youtube.com/watch?v=bTf369a1JZ4
204,dYWa_vR3mho,AirPods Pro TEARDOWN vs Liberty 2 Pro! - Best &#39;Pro&#39; Earbuds?,2019-11-14,1478018,43449,3339,PT7M56S,hd,true,11,2019,Thursday,2.94,1,https://www.youtube.com/watch?v=dYWa_vR3mho
205,k1TyDOwe67I,The Ultimate Mobile Miter Saw and Table Saw Work Bench! #TeamTrees,2019-11-11,524009,28915,1815,PT13M45S,hd,true,11,2019,Monday,5.52,0,https://www.youtube.com/watch?v=k1TyDOwe67I
206,yyqNR6W_MUQ,The Pixel 4 XL has 4 little problems...,2019-11-05,3764618,108677,10656,PT9M5S,hd,true,11,2019,Tuesday,2.89,1,https://www.youtube.com/watch?v=yyqNR6W_MUQ
207,VaoL6njjizg,Back 2 Back Screens? - Nubia Z20 Teardown!,2019-11-01,640672,22887,1028,PT7M42S,hd,true,11,2019,Friday,3.57,0,https://www.youtube.com/watch?v=VaoL6njjizg
208,DY4-gdaWxoA,Nintendo Switch Lite Durability Test! - Will the cheap switch survive?,2019-10-29,4359694,83839,10362,PT6M54S,hd,true,10,2019,Tuesday,1.92,1,https://www.youtube.com/watch?v=DY4-gdaWxoA
209,pZ9YzLr43SI,Incredible Dual Screen Smartphone - Durability Test!,2019-10-25,880452,33451,2330,PT7M23S,hd,true,10,2019,Friday,3.8,0,https://www.youtube.com/watch?v=pZ9YzLr43SI
210,_PySmMrihWI,OnePlus 7T Teardown! - Is the Oreo Camera really needed?,2019-10-23,1791466,47522,2028,PT7M43S,hd,true,10,2019,Wednesday,2.65,1,https://www.youtube.com/watch?v=_PySmMrihWI
211,dRCY4cGoFVQ,OnePlus 7T Durability Test! - A Big Camera Hole is a Bad idea.,2019-10-19,2304342,60290,4154,PT8M2S,hd,true,10,2019,Saturday,2.62,1,https://www.youtube.com/watch?v=dRCY4cGoFVQ
212,LZ-M2WWf2e0,Asus ROG Phone 2 Teardown! - Is the rear vent Fake?,2019-10-17,3519159,77609,4006,PT8M25S,hd,true,10,2019,Thursday,2.21,1,https://www.youtube.com/watch?v=LZ-M2WWf2e0
213,GXetFtdVmOo,The Best Car for Someone in a Wheelchair?! - Our new Tesla Model X!,2019-10-15,6706781,165324,9233,PT13M52S,hd,true,10,2019,Tuesday,2.47,1,https://www.youtube.com/watch?v=GXetFtdVmOo
214,z_Ke0hiYEm4,Samsung Galaxy Fold Teardown! - How does it even work?,2019-10-10,6425249,121941,5879,PT10M21S,hd,true,10,2019,Thursday,1.9,1,https://www.youtube.com/watch?v=z_Ke0hiYEm4
215,Lj4Od9D4puc,Easiest iPhone Glass Fix â€“ WITH LASERS (Not clickbait),2019-10-07,23468131,467224,21325,PT8M51S,hd,true,10,2019,Monday,1.99,1,https://www.youtube.com/watch?v=Lj4Od9D4puc
216,fYhnLvIZST0,ROG Phone 2 Durability Test! - Most Powerful Smartphone?,2019-10-04,1692619,52943,3892,PT7M47S,hd,true,10,2019,Friday,3.13,1,https://www.youtube.com/watch?v=fYhnLvIZST0
217,PRx9aAx8RPQ,I found a Transparent TV! - How does it work?! OLED vs LCD,2019-10-02,2634031,68846,4412,PT5M25S,hd,true,10,2019,Wednesday,2.61,1,https://www.youtube.com/watch?v=PRx9aAx8RPQ
218,cZyumSw8csU,iPhone 11 Durability Test! - is the &#39;cheap&#39; iPhone different?,2019-09-30,7661736,155752,12541,PT7M15S,hd,true,9,2019,Monday,2.03,1,https://www.youtube.com/watch?v=cZyumSw8csU
219,Uhq5_6aq1Lg,Homemade Off Road Wheelchair - ONE YEAR LATER UPDATE!,2019-09-27,1994083,56508,3237,PT7M14S,hd,true,9,2019,Friday,2.83,1,https://www.youtube.com/watch?v=Uhq5_6aq1Lg
220,dVZKn6NSmNg,iPhone 11 Pro Max Teardown - Tiny Motherboard &amp; BIG Battery!,2019-09-25,9527266,196995,12136,PT12M51S,hd,true,9,2019,Wednesday,2.07,1,https://www.youtube.com/watch?v=dVZKn6NSmNg
221,7jD5Gkh4K34,iPhone 11 Pro Max Durability Test - Back Glass Scratches?,2019-09-23,10582487,230702,21268,PT10M2S,hd,true,9,2019,Monday,2.18,1,https://www.youtube.com/watch?v=7jD5Gkh4K34
222,tZBk_Hb-X0w,Samsung Galaxy Fold Durability Test! - Is it STILL fragile?!,2019-09-20,12349783,232582,24275,PT12M22S,hd,true,9,2019,Friday,1.88,1,https://www.youtube.com/watch?v=tZBk_Hb-X0w
223,LnGvoGQYqfE,Samsung makes a Flippy Camera? - A80 Durability Test!,2019-09-19,3998931,98964,7205,PT10M2S,hd,true,9,2019,Thursday,2.47,1,https://www.youtube.com/watch?v=LnGvoGQYqfE
224,Sd6KpX5MRtI,Redmi K20 Pro Teardown - Value Champion is Clear!?,2019-09-16,4518845,102494,4536,PT10M2S,hd,true,9,2019,Monday,2.27,1,https://www.youtube.com/watch?v=Sd6KpX5MRtI
225,bpne-RZDOqQ,Making a Wedding Ring from a Wheelchair?! - Titanium &amp; Gold!,2019-09-10,6657020,178729,8359,PT11M30S,hd,true,9,2019,Tuesday,2.68,1,https://www.youtube.com/watch?v=bpne-RZDOqQ
226,ufW1Ogsq83o,Redmi K20 Pro Durability Test! - Is Value Worth it?!,2019-09-06,3356189,88122,6178,PT8M39S,hd,true,9,2019,Friday,2.63,1,https://www.youtube.com/watch?v=ufW1Ogsq83o
227,2Bku8pe83vQ,Worlds First Folding Phone Teardown! - Royole Flexpai,2019-08-29,1867873,47535,2533,PT7M38S,hd,true,8,2019,Thursday,2.54,1,https://www.youtube.com/watch?v=2Bku8pe83vQ
228,-f7B9fBJJug,Samsung Note 10+ Teardown - TWO Wireless Chargers?,2019-08-27,5018153,110275,6962,PT11M14S,hd,true,8,2019,Tuesday,2.2,1,https://www.youtube.com/watch?v=-f7B9fBJJug
229,HF8jNIO-h9M,Samsung Galaxy Note 10+ 5G Durability Test â€“ is the S-Pen Worth it?,2019-08-21,4362683,115605,11105,PT10M6S,hd,true,8,2019,Wednesday,2.65,1,https://www.youtube.com/watch?v=HF8jNIO-h9M
230,emzKedcqGfk,This phone fits in a WALLET! - Durability Test!,2019-08-15,1064916,33873,2458,PT6M3S,hd,true,8,2019,Thursday,3.18,1,https://www.youtube.com/watch?v=emzKedcqGfk
231,J5AFoS5KXrc,Galaxy A50 Teardown! - Did something crack inside?,2019-08-09,1947682,59134,4407,PT6M16S,hd,true,8,2019,Friday,3.04,1,https://www.youtube.com/watch?v=J5AFoS5KXrc
232,PLRhzJ-jlKI,Galaxy A50 Durability Test! - is the Plastic Samsung Phone durable?,2019-08-02,3344617,96635,10482,PT6M59S,hd,true,8,2019,Friday,2.89,1,https://www.youtube.com/watch?v=PLRhzJ-jlKI
233,eute4OHM72Y,Nokia 9 Teardown! - How do all these Cameras work?!,2019-07-31,1757699,48009,2472,PT8M4S,hd,true,7,2019,Wednesday,2.73,1,https://www.youtube.com/watch?v=eute4OHM72Y
234,XdvJdXSxbSk,Can a Folding Phone Bend Both Ways?! - Bend Test!,2019-07-29,7477078,157306,12142,PT13M25S,hd,true,7,2019,Monday,2.1,1,https://www.youtube.com/watch?v=XdvJdXSxbSk
235,857x1hBk9YY,This Smartphone has 7 Cameras?! - Nokia 9 Durability Test,2019-07-25,1592004,49581,3989,PT6M13S,hd,true,7,2019,Thursday,3.11,1,https://www.youtube.com/watch?v=857x1hBk9YY
236,aqMZfQODJZo,How to Install an Elevator in your Living Room!,2019-07-22,30894969,623763,43556,PT13M20S,hd,true,7,2019,Monday,2.02,1,https://www.youtube.com/watch?v=aqMZfQODJZo
237,rtjxHo22vk0,Oppo Reno Teardown! - How does a Pivot Camera Work?!,2019-07-17,1135847,36366,3104,PT8M2S,hd,true,7,2019,Wednesday,3.2,1,https://www.youtube.com/watch?v=rtjxHo22vk0
238,F-kHl51M3lA,Weirdest Pop Up Camera Yet?! - Oppo Reno Durability test!,2019-07-15,2127167,57323,3686,PT8M26S,hd,true,7,2019,Monday,2.69,1,https://www.youtube.com/watch?v=F-kHl51M3lA
239,ET7jP2OsxzA,Smartphone LASER Projector Teardown - How does it work?,2019-07-13,1362564,33250,2145,PT6M16S,hd,true,7,2019,Saturday,2.44,1,https://www.youtube.com/watch?v=ET7jP2OsxzA
240,0sWlm4xItBw,Is QLED better than OLED? - Unboxing a Massive QLED 8K TV!,2019-07-10,8872544,163336,13477,PT8M44S,hd,true,7,2019,Wednesday,1.84,1,https://www.youtube.com/watch?v=0sWlm4xItBw
241,auZR8xuFVpg,This Phone has a LASER PROJECTOR built in?!,2019-07-05,1394083,48363,4474,PT6M25S,hd,true,7,2019,Friday,3.47,1,https://www.youtube.com/watch?v=auZR8xuFVpg
242,214XpDTTGEI,Should you buy the *NEW* $100 dollar Smart Lock?...,2019-06-27,2322928,77999,3813,PT4M54S,hd,true,6,2019,Thursday,3.36,1,https://www.youtube.com/watch?v=214XpDTTGEI
243,d58neQ6Ewho,Zenfone 6 Flip Camera TEARDOWN! - How does it work?,2019-06-21,3066269,57521,3174,PT6M18S,hd,true,6,2019,Friday,1.88,1,https://www.youtube.com/watch?v=d58neQ6Ewho
244,ZPv9XPHMYfg,Is the CRAZY Flip Camera Fragile? - Zenfone 6 Durability Test!,2019-06-19,3098391,81190,6882,PT6M55S,hd,true,6,2019,Wednesday,2.62,1,https://www.youtube.com/watch?v=ZPv9XPHMYfg
245,2s59MSm8y4g,iPod Touch Bend Test! - Be gentle with Apples new iPod...,2019-06-14,4825998,110734,10103,PT6M47S,hd,true,6,2019,Friday,2.29,1,https://www.youtube.com/watch?v=2s59MSm8y4g
246,CDdMQYH0UhQ,Google Pixel 3a Teardown! - Sufficiently Simple,2019-06-08,1424652,42879,3030,PT6M20S,hd,true,6,2019,Saturday,3.01,1,https://www.youtube.com/watch?v=CDdMQYH0UhQ
247,JiS24PRIq-A,Red Magic 3 Teardown! - Does the Internal Fan Blow?,2019-06-03,1613038,53926,4098,PT6M56S,hd,true,6,2019,Monday,3.34,1,https://www.youtube.com/watch?v=JiS24PRIq-A
248,Oh0vyDBxnVg,Red Magic 3 Durability Test! - a FAN *inside* a Phone?!,2019-06-01,1669497,54572,4970,PT8M6S,hd,true,6,2019,Saturday,3.27,1,https://www.youtube.com/watch?v=Oh0vyDBxnVg
249,CoNOQEsMVvI,Google Pixel 3a Durability Test! - Is Plastic Weak?!,2019-05-28,1874347,62621,6563,PT6M36S,hd,true,5,2019,Tuesday,3.34,1,https://www.youtube.com/watch?v=CoNOQEsMVvI
250,-xvNCxECPy0,OnePlus 7 Pro Teardown! - Is the Pop Up Camera Water Proof?!,2019-05-24,2834701,68625,3604,PT8M30S,hd,true,5,2019,Friday,2.42,1,https://www.youtube.com/watch?v=-xvNCxECPy0
251,i4Gu8mcoRRE,First Drive in an All Electric Mercedes â€“ Whats Under The  Hood?!,2019-05-21,1435442,44174,5231,PT11M50S,hd,true,5,2019,Tuesday,3.08,1,https://www.youtube.com/watch?v=i4Gu8mcoRRE
252,riV0zckya6A,Totally CLEAR OnePlus 7 Pro! - Hidden Front Camera Revealed!,2019-05-16,3496282,88396,5138,PT8M32S,hd,true,5,2019,Thursday,2.53,1,https://www.youtube.com/watch?v=riV0zckya6A
253,wLmiWPHPqhU,OnePlus 7 Pro - Hidden Camera Durability Test! Will it Scratch?,2019-05-14,2906230,92793,6962,PT7M54S,hd,true,5,2019,Tuesday,3.19,1,https://www.youtube.com/watch?v=wLmiWPHPqhU
254,jXz7NVX_O-A,LG G8 Teardown - Dont Remove The Battery?!,2019-05-09,1422167,42393,3009,PT7M38S,hd,true,5,2019,Thursday,2.98,1,https://www.youtube.com/watch?v=jXz7NVX_O-A
255,DDZY8qPSUbg,LG G8 Durability Test: Cant Touch This?,2019-05-03,1357691,41513,3386,PT7M32S,hd,true,5,2019,Friday,3.06,1,https://www.youtube.com/watch?v=DDZY8qPSUbg
256,AgccAlVjuzc,Black Shark 2 Teardown- Biggest Heat Pipe Ever?!,2019-05-01,1283107,34666,2762,PT7M53S,hd,true,5,2019,Wednesday,2.7,1,https://www.youtube.com/watch?v=AgccAlVjuzc
257,gU_myfdd8xY,You can Shave with an iPhone?! (Don&#39;t do this...),2019-04-27,4938769,88331,4001,PT5M19S,hd,true,4,2019,Saturday,1.79,1,https://www.youtube.com/watch?v=gU_myfdd8xY
258,QHGV88SJ63w,Black Shark 2 Durability Test! - a Cheap Gaming Phone?!,2019-04-25,1332591,45251,3874,PT7M21S,hd,true,4,2019,Thursday,3.4,1,https://www.youtube.com/watch?v=QHGV88SJ63w
259,85p_oFk595I,Huawei P30 Pro Teardown! - How does a &#39;Periscope Camera&#39; work?,2019-04-22,5061538,101379,6039,PT8M3S,hd,true,4,2019,Monday,2.0,1,https://www.youtube.com/watch?v=85p_oFk595I
260,0IrPJ2l19fc,Huawei P30 Pro Durability Test - Breathing Crystal?!,2019-04-19,3295087,79348,8195,PT6M35S,hd,true,4,2019,Friday,2.41,1,https://www.youtube.com/watch?v=0IrPJ2l19fc
261,PZYWzsB_yfA,Glass Only Apple Watch 4 Screen Fix - NEARLY IMPOSSIBLE!,2019-04-17,11663401,200700,8576,PT11M45S,hd,true,4,2019,Wednesday,1.72,1,https://www.youtube.com/watch?v=PZYWzsB_yfA
262,6_--wQvPxyA,Does the Amazfit Bip Smartwatch Fall Apart on its own?,2019-04-15,1769362,39725,3159,PT5M40S,hd,true,4,2019,Monday,2.25,1,https://www.youtube.com/watch?v=6_--wQvPxyA
263,bAlGzsVsbLE,Will a BULLET PROOF Tesla actually stop bullets?,2019-04-13,8249874,167893,12305,PT8M51S,hd,true,4,2019,Saturday,2.04,1,https://www.youtube.com/watch?v=bAlGzsVsbLE
264,QtFOpkpytjw,iPad mini Bend Test! - Do ALL Tablets Break?!,2019-04-04,6804297,129610,18569,PT7M12S,hd,true,4,2019,Thursday,1.9,1,https://www.youtube.com/watch?v=QtFOpkpytjw
265,y8wnS6jJlwc,A Tesla Supercharger for Smartphones?!,2019-03-25,2918833,65084,3796,PT3M58S,hd,true,3,2019,Monday,2.23,1,https://www.youtube.com/watch?v=y8wnS6jJlwc
266,uI4KYzG0yss,Mi 9 Durability Test! - Is the Camera Lens Sapphire?,2019-03-13,2482735,57622,4868,PT7M3S,hd,true,3,2019,Wednesday,2.32,1,https://www.youtube.com/watch?v=uI4KYzG0yss
267,kHzmFPoZbCA,Galaxy S10 Teardown â€“ Does Ultrasonic Measure Up?,2019-03-05,3601558,98744,7399,PT10M18S,hd,true,3,2019,Tuesday,2.74,1,https://www.youtube.com/watch?v=kHzmFPoZbCA
268,QD_IlFkqSnA,Galaxy S10 Durability Test - Ultrasonic Fingerprint Scratched?!,2019-03-01,7228079,151724,14342,PT7M30S,hd,true,3,2019,Friday,2.1,1,https://www.youtube.com/watch?v=QD_IlFkqSnA
269,G8J7lCAs38w,Redmi Note 7 Durability Test - It almost survived...,2019-02-27,8569499,158698,17269,PT6M23S,hd,true,2,2019,Wednesday,1.85,1,https://www.youtube.com/watch?v=G8J7lCAs38w
270,zXwv1BYnkII,What gets me up in the morning? + Electric Trucks = Ask JerryRig #5,2019-02-25,641466,25177,3527,PT10M38S,hd,true,2,2019,Monday,3.92,0,https://www.youtube.com/watch?v=zXwv1BYnkII
271,2ixctGp-Nv4,This Xbox Controller has TWENTY Headphone Jacks?!,2019-02-20,3284770,56817,6293,PT5M16S,hd,true,2,2019,Wednesday,1.73,1,https://www.youtube.com/watch?v=2ixctGp-Nv4
272,Sv0BwAKOan4,Nokia 1 Durability Test! - Nokia&#39;s CHEAPEST Smartphone,2019-02-15,1162063,35428,2835,PT5M26S,hd,true,2,2019,Friday,3.05,1,https://www.youtube.com/watch?v=Sv0BwAKOan4
273,JpTgfDfJTcI,Vivo Nex Dual Screen Teardown! - Its complicated...,2019-02-05,1142833,31359,2169,PT8M49S,hd,true,2,2019,Tuesday,2.74,1,https://www.youtube.com/watch?v=JpTgfDfJTcI
274,ANqeyOzM0aQ,Vivo Nex Dual Screen - Triple Camera - Durability Test!,2019-02-01,1570435,42896,3517,PT6M39S,hd,true,2,2019,Friday,2.73,1,https://www.youtube.com/watch?v=ANqeyOzM0aQ
275,2mRXgZTUm8s,The Mi Mix 3 is cooler than you think... - Teardown,2019-01-29,1839226,48234,2877,PT9M51S,hd,true,1,2019,Tuesday,2.62,1,https://www.youtube.com/watch?v=2mRXgZTUm8s
276,ZfyiYCmU1_8,How to Hack a Tesla Key Card!,2019-01-21,946857,32792,2246,PT5M32S,hd,true,1,2019,Monday,3.46,0,https://www.youtube.com/watch?v=ZfyiYCmU1_8
277,YaDORL2OGuo,How does a Modular TV Work? - Samsung Micro LED TV,2019-01-18,580764,25763,2300,PT4M22S,hd,true,1,2019,Friday,4.44,0,https://www.youtube.com/watch?v=YaDORL2OGuo
278,ewqCmmGyr_Q,How Durable is a Sliding Phone? - Xiaomi Mi Mix 3,2019-01-16,1712661,53825,4402,PT5M51S,hd,true,1,2019,Wednesday,3.14,1,https://www.youtube.com/watch?v=ewqCmmGyr_Q
279,cuZYROM4Vrs,Can a Disabled Person Drive a Tesla?,2019-01-07,3246876,92148,6900,PT10M10S,hd,true,1,2019,Monday,2.84,1,https://www.youtube.com/watch?v=cuZYROM4Vrs
280,G1eON2ROmR4,The Coolest Phone I Ever Owned...,2019-01-05,2309547,56131,8663,PT5M1S,hd,true,1,2019,Saturday,2.43,1,https://www.youtube.com/watch?v=G1eON2ROmR4
281,QkuAvC3zHEc,Smartphone Durability Awards 2018!,2019-01-02,2295494,88074,6467,PT10M18S,hd,true,1,2019,Wednesday,3.84,1,https://www.youtube.com/watch?v=QkuAvC3zHEc
282,HdIBhV1HScY,Asus ROG Gaming Phone Teardown - Are the vents even real?,2018-12-28,2503977,48766,2909,PT7M49S,hd,true,12,2018,Friday,1.95,1,https://www.youtube.com/watch?v=HdIBhV1HScY
283,ZSeKDygrAas,Mate 20 Pro Teardown - Whats under the &#39;Musical&#39; Back?,2018-12-26,1321928,36299,2454,PT6M25S,hd,true,12,2018,Wednesday,2.75,1,https://www.youtube.com/watch?v=ZSeKDygrAas
284,Yt9sPsdml7g,It FINALLY Happened!! - Building the Largest LEGO Technic Crane!,2018-12-21,13006683,239135,12719,PT10M11S,hd,true,12,2018,Friday,1.84,1,https://www.youtube.com/watch?v=Yt9sPsdml7g
285,ruvwEtC8kH0,Asus ROG Gaming Phone - Durability Test!,2018-12-19,1763705,42372,4163,PT6M59S,hd,true,12,2018,Wednesday,2.4,1,https://www.youtube.com/watch?v=ruvwEtC8kH0
286,S8ULysF147o,NEW PlayStation For ANTS?! - PlayStation Classic Teardown,2018-12-13,882399,23427,1880,PT4M44S,hd,true,12,2018,Thursday,2.65,0,https://www.youtube.com/watch?v=S8ULysF147o
287,UpySC7NgC8E,Can this Solar Powered LED Change the World?,2018-12-07,495665,42421,2005,PT4M34S,hd,true,12,2018,Friday,8.56,0,https://www.youtube.com/watch?v=UpySC7NgC8E
288,Q2arEqzW-F8,iPhone XR DROP TEST vs Pixel 3 - Which Phone Survives?,2018-12-05,1220151,37929,5521,PT10M9S,hd,true,12,2018,Wednesday,3.11,1,https://www.youtube.com/watch?v=Q2arEqzW-F8
289,qNAlQ786cmM,A Rugged SAPPHIRE Covered Smartphone? - Durability Test!,2018-11-29,3611881,94939,6900,PT6M19S,hd,true,11,2018,Thursday,2.63,1,https://www.youtube.com/watch?v=qNAlQ786cmM
290,bUGoF3nb3Wk,Mate 20 Pro Durability Test! - The Back is Different...,2018-11-23,2613673,57273,7671,PT6M35S,hd,true,11,2018,Friday,2.19,1,https://www.youtube.com/watch?v=bUGoF3nb3Wk
291,hUBsxCcJeUc,iPad Pro Bend Test! - Be gentle with Apples new iPad...,2018-11-16,19963890,330379,63707,PT7M51S,hd,true,11,2018,Friday,1.65,1,https://www.youtube.com/watch?v=hUBsxCcJeUc
292,qqhl3WDWiIk,RED Hydrogen One Durability Test - Scratching a Holographic Display?,2018-11-14,4563654,60698,3696,PT7M9S,hd,true,11,2018,Wednesday,1.33,1,https://www.youtube.com/watch?v=qqhl3WDWiIk
293,ix8eA6syk1Q,OnePlus 6T Teardown - Can under display cameras be real?,2018-11-08,1229735,28702,2035,PT5M47S,hd,true,11,2018,Thursday,2.33,1,https://www.youtube.com/watch?v=ix8eA6syk1Q
294,W-X7xTr-LBE,OnePlus 6T - Transparent Edition!,2018-11-05,905120,27089,1670,PT4M42S,hd,true,11,2018,Monday,2.99,0,https://www.youtube.com/watch?v=W-X7xTr-LBE
295,UGsICbmmfws,Razer Phone 2 Teardown - The Vapor Chamber is Incredibly Cool,2018-11-01,1799120,42334,2617,PT7M16S,hd,true,11,2018,Thursday,2.35,1,https://www.youtube.com/watch?v=UGsICbmmfws
296,BdC_0xIqmMg,Totally Clear Razer Phone 2!! - Some are better than others...,2018-10-31,1144172,29454,1521,PT4M8S,hd,true,10,2018,Wednesday,2.57,1,https://www.youtube.com/watch?v=BdC_0xIqmMg
297,6RGq6WM5WBg,OnePlus 6T Durability Test! - Scratch Burn and BEND Tested!,2018-10-29,1982462,54426,6402,PT6M45S,hd,true,10,2018,Monday,2.75,1,https://www.youtube.com/watch?v=6RGq6WM5WBg
298,PM4qzEL5iYE,iPhone XR Teardown! - How to open the colored iPhone?,2018-10-28,1789336,36354,2839,PT5M38S,hd,true,10,2018,Sunday,2.03,1,https://www.youtube.com/watch?v=PM4qzEL5iYE
299,deNqaM2RnoU,iPhone XR Durability Test - is the &#39;cheap&#39; iPhone weak?,2018-10-26,6248348,113840,19270,PT6M52S,hd,true,10,2018,Friday,1.82,1,https://www.youtube.com/watch?v=deNqaM2RnoU
300,Xg0RXqBz6mQ,Pixel 3 XL Teardown - Can the scratches be removed?,2018-10-24,997153,24209,2095,PT9M13S,hd,false,10,2018,Wednesday,2.43,0,https://www.youtube.com/watch?v=Xg0RXqBz6mQ
301,UlY4TnCdL0s,Totally Clear Pixel 3! - Transparent Edition!!,2018-10-22,3039222,92130,4457,PT5M41S,hd,true,10,2018,Monday,3.03,1,https://www.youtube.com/watch?v=UlY4TnCdL0s
302,sD1nfDauiaI,Pixel 3 XL Durability Test - Does the back glass Scratch?!,2018-10-19,2062340,50043,4815,PT7M17S,hd,true,10,2018,Friday,2.43,1,https://www.youtube.com/watch?v=sD1nfDauiaI
303,H3_mVryqXpU,Homemade Off Road Electric Wheelchair - She had NO Idea!,2018-10-17,11495372,285230,30437,PT7M57S,hd,true,10,2018,Wednesday,2.48,1,https://www.youtube.com/watch?v=H3_mVryqXpU
304,fKaCnjPziWM,Mi 8 Explorer Edition Durability Test - Is it FAKE?!,2018-09-30,2491814,57686,4512,PT7M2S,hd,true,9,2018,Sunday,2.32,1,https://www.youtube.com/watch?v=fKaCnjPziWM
305,WKayUI0sppQ,New iPhone Xs DROP Test!!  -  I was wrong...,2018-09-27,4548313,94483,13736,PT11M10S,hd,true,9,2018,Thursday,2.08,1,https://www.youtube.com/watch?v=WKayUI0sppQ
306,TCrAqS-WRqk,iPhone Xs Max Teardown - Is there any Thermal Cooling?,2018-09-24,8140801,132654,13012,PT10M1S,hd,true,9,2018,Monday,1.63,1,https://www.youtube.com/watch?v=TCrAqS-WRqk
307,oT6VL4x-rHY,iPhone Xs MAX Durability Test - How weak is the big iPhone?,2018-09-21,10224557,198293,28317,PT7M30S,hd,true,9,2018,Friday,1.94,1,https://www.youtube.com/watch?v=oT6VL4x-rHY
308,IXLvNrUTUYw,Pocophone F1 Durability Test - Can &#39;Cheap&#39; also be &#39;Durable&#39;?,2018-09-14,2913450,83993,6456,PT5M35S,hd,true,9,2018,Friday,2.88,1,https://www.youtube.com/watch?v=IXLvNrUTUYw
309,FnYEn4n68iU,How to Get Rid of Bixby... Forever!,2018-09-11,1444266,36667,3596,PT5M37S,hd,true,9,2018,Tuesday,2.54,1,https://www.youtube.com/watch?v=FnYEn4n68iU
310,P4Wtm3h4LdE,Note 5 Pro Durability Test! - Scratch Burn and BEND tested!,2018-09-08,1685835,42900,5632,PT5M29S,hd,true,9,2018,Saturday,2.54,1,https://www.youtube.com/watch?v=P4Wtm3h4LdE
311,HDrv4qMpClw,First look inside the Electric Mercedes! - Should Tesla Be Worried?,2018-09-06,1010012,19737,3344,PT10M2S,hd,true,9,2018,Thursday,1.95,1,https://www.youtube.com/watch?v=HDrv4qMpClw
312,4fYF6fjU_3g,Tesla makes a WIRELESS charger?! - Teardown,2018-09-03,751094,21481,1820,PT4M35S,hd,true,9,2018,Monday,2.86,0,https://www.youtube.com/watch?v=4fYF6fjU_3g
313,ULo9WBeZiuo,I found a Wrecked WWII Bomber! - Mavic 2 Pro Test,2018-08-28,701512,19342,1324,PT6M50S,hd,true,8,2018,Tuesday,2.76,0,https://www.youtube.com/watch?v=ULo9WBeZiuo
314,RsAZ62xlzSw,Exploring Toxic Ruins with a Mavic ZOOM!!,2018-08-23,292080,11669,980,PT5M41S,hd,true,8,2018,Thursday,4.0,0,https://www.youtube.com/watch?v=RsAZ62xlzSw
315,L5eSaFIIUpM,Samsung Note 9 Teardown! - Is there Water inside?,2018-08-21,4852537,81256,5845,PT8M10S,hd,true,8,2018,Tuesday,1.67,1,https://www.youtube.com/watch?v=L5eSaFIIUpM
316,sfwkl3Qegtg,Samsung Note 9 Durability Test! - Bixby is not Secure...,2018-08-20,4168233,84527,11799,PT6M33S,hd,true,8,2018,Monday,2.03,1,https://www.youtube.com/watch?v=sfwkl3Qegtg
317,7n77pvJuv8o,Tesla Teardown! - Install a Tow Hitch on a Model 3!,2018-08-18,585166,14276,1063,PT10M23S,hd,true,8,2018,Saturday,2.44,0,https://www.youtube.com/watch?v=7n77pvJuv8o
318,gf1-b1l0qi8,Vivo Nex S Teardown - Battle of the Pop Up Cameras!,2018-08-10,923901,30925,3201,PT8M36S,hd,true,8,2018,Friday,3.35,0,https://www.youtube.com/watch?v=gf1-b1l0qi8
319,K2MrpXKZ2ow,A Phone you can SHAVE with?! - Durability Test,2018-08-06,1552865,36488,3002,PT7M23S,hd,true,8,2018,Monday,2.35,1,https://www.youtube.com/watch?v=K2MrpXKZ2ow
320,TPVODT14ojM,World&#39;s SMALLEST Cell Phone - Durability Tested!!,2018-08-02,5043008,111397,9058,PT6M10S,hd,true,8,2018,Thursday,2.21,1,https://www.youtube.com/watch?v=TPVODT14ojM
321,vFpmTAigi7M,BlackBerry KEY2 - Does the screen fall off?,2018-07-23,1819399,40785,2289,PT6M47S,hd,true,7,2018,Monday,2.24,1,https://www.youtube.com/watch?v=vFpmTAigi7M
322,H-lIsNoM39w,Vivo Nex S - CLEAR Edition! - Hidden Camera Exposed,2018-07-16,3268756,79429,3548,PT5M6S,hd,true,7,2018,Monday,2.43,1,https://www.youtube.com/watch?v=H-lIsNoM39w
323,81HcOpc0fiA,LG G7 Teardown! - I ThinQ its beautiful...,2018-07-11,1752668,37806,2543,PT6M48S,hd,true,7,2018,Wednesday,2.16,1,https://www.youtube.com/watch?v=81HcOpc0fiA
324,sTNQnVOCdEk,"LG G7 ThinQ Durability Test! - Scratch, Burn, BEND tested!",2018-07-09,937906,25505,2350,PT4M32S,hd,true,7,2018,Monday,2.72,0,https://www.youtube.com/watch?v=sTNQnVOCdEk
325,i3V0RxGESo4,HTC U12 Plus Teardown - Can the &#39;buttons&#39; be fixed?,2018-07-06,554988,13900,1184,PT6M8S,hd,true,7,2018,Friday,2.5,0,https://www.youtube.com/watch?v=i3V0RxGESo4
326,06aNfvIIl8o,HTC U12 PLUS Durability Test! A Clear Phone w/ No Buttons...,2018-06-30,1272411,24306,2101,PT6M28S,hd,true,6,2018,Saturday,1.91,1,https://www.youtube.com/watch?v=06aNfvIIl8o
327,Awv0Rs79Mvs,Worlds SMALLEST Rugged Smartphone - Durability Test!,2018-06-22,2335393,46378,3206,PT4M25S,hd,true,6,2018,Friday,1.99,1,https://www.youtube.com/watch?v=Awv0Rs79Mvs
328,0-sZVJbUzqo,Exploring a Plane Wreck - UNDER WATER! (World War 2),2018-06-19,1003048,19396,1141,PT7M41S,hd,true,6,2018,Tuesday,1.93,1,https://www.youtube.com/watch?v=0-sZVJbUzqo
329,VnRduGRQ1fQ,Nokia 6.1 Durability Test! Scratch BURN and BEND tested!,2018-06-14,809542,19080,2212,PT4M38S,hd,true,6,2018,Thursday,2.36,0,https://www.youtube.com/watch?v=VnRduGRQ1fQ
330,PUJ1qMHol4I,What does Corroded Glass *REALLY* look like? - Giveaway!,2018-06-09,604450,23534,5272,PT4M21S,hd,true,6,2018,Saturday,3.89,0,https://www.youtube.com/watch?v=PUJ1qMHol4I
331,0IoEuuyciVs,Nokia 7 PLUS Durability Test - is the &#39;Ceramic Feel&#39; for real?,2018-06-04,1049739,28319,3704,PT4M55S,hd,true,6,2018,Monday,2.7,1,https://www.youtube.com/watch?v=0IoEuuyciVs
332,RxM55DNS9CE,DO NOT buy this $100 Smart Lock...,2018-06-01,6277515,135427,5992,PT6M9S,hd,true,6,2018,Friday,2.16,1,https://www.youtube.com/watch?v=RxM55DNS9CE
333,5Z47gXtbXjw,OnePlus 6 Teardown! - How Water Proof is it really?,2018-05-29,1477140,24968,1458,PT6M10S,hd,true,5,2018,Tuesday,1.69,1,https://www.youtube.com/watch?v=5Z47gXtbXjw
334,xGcNccfpacE,Can we make a CLEAR Pixel 2 XL? - How to fix the Black Glass,2018-05-25,2119901,42380,1916,PT4M34S,hd,true,5,2018,Friday,2.0,1,https://www.youtube.com/watch?v=xGcNccfpacE
335,OhfzXeLu55k,Triple Camera P20 PRO Teardown â€“ Are they all stabilized?,2018-05-18,1974348,30019,1668,PT6M33S,hd,true,5,2018,Friday,1.52,1,https://www.youtube.com/watch?v=OhfzXeLu55k
336,U4d7430ccE4,"OnePlus 6 Durability Test! - Scratch, Burn, and BEND tested",2018-05-16,1859855,44086,3865,PT4M58S,hd,true,5,2018,Wednesday,2.37,1,https://www.youtube.com/watch?v=U4d7430ccE4
337,4g52041zGOY,LUXURY OFF ROAD - How much can this Mercedes handle?,2018-05-14,2539313,39677,2990,PT11M5S,hd,true,5,2018,Monday,1.56,1,https://www.youtube.com/watch?v=4g52041zGOY
338,lTfJAN3oz4o,Sony Xperia XZ2 Durability Test - Scratch and BEND tested!,2018-05-10,992450,24417,2482,PT4M10S,hd,true,5,2018,Thursday,2.46,0,https://www.youtube.com/watch?v=lTfJAN3oz4o
339,ax2qnnS-LmQ,"Huawei P20 Pro Durability Test! - Scratch, Burn, BEND TESTED",2018-04-30,3259085,40639,4867,PT6M14S,hd,true,4,2018,Monday,1.25,1,https://www.youtube.com/watch?v=ax2qnnS-LmQ
340,w9nO8h4zkLY,The LG gram 2018 has a few new tricks...,2018-04-26,937675,22352,1927,PT5M22S,hd,true,4,2018,Thursday,2.38,0,https://www.youtube.com/watch?v=w9nO8h4zkLY
341,ZMKDoQ3qk7k,iPhone Back Glass Fix The &#39;EASY&#39; Way - Plus Clear Mod,2018-04-24,7308701,94519,7115,PT11M24S,hd,true,4,2018,Tuesday,1.29,1,https://www.youtube.com/watch?v=ZMKDoQ3qk7k
342,XmxhVNabrD0,TACOMA TEARDOWN - Lifting my new truck!!,2018-04-05,1300954,29826,2420,PT18M11S,hd,true,4,2018,Thursday,2.29,1,https://www.youtube.com/watch?v=XmxhVNabrD0
343,6bwRk9E34bs,How many screens can Smartphones have? - Teardown Axon M,2018-04-03,519595,13884,896,PT6M28S,hd,true,4,2018,Tuesday,2.67,0,https://www.youtube.com/watch?v=6bwRk9E34bs
344,BbCJ1DiJ_Cs,Crashed My Truck &amp; Do I have a Girlfriend?! - AskJerryRig #4,2018-03-23,1504689,45477,4518,PT8M53S,hd,true,3,2018,Friday,3.02,1,https://www.youtube.com/watch?v=BbCJ1DiJ_Cs
345,Y9UulQbxSYs,Galaxy S9 Teardown - Variable Aperture Camera lens Revealed!,2018-03-13,1487279,35375,2410,PT7M14S,hd,true,3,2018,Tuesday,2.38,1,https://www.youtube.com/watch?v=Y9UulQbxSYs
346,HJYqgZDmsZo,Galaxy S9 Durability Test! - Upgraded Aluminum?!,2018-03-10,3022469,58580,5588,PT6M43S,hd,true,3,2018,Saturday,1.94,1,https://www.youtube.com/watch?v=HJYqgZDmsZo
347,CM4nB3dvD80,The LAST Tesla you will ever ride...,2018-03-01,497830,14184,1062,PT3M31S,hd,true,3,2018,Thursday,2.85,0,https://www.youtube.com/watch?v=CM4nB3dvD80
348,D-rLwzFXcko,In-Glass Fingerprint Reader SCRATCH Test! - Will it still work?,2018-02-26,2693898,50415,4929,PT6M56S,hd,true,2,2018,Monday,1.87,1,https://www.youtube.com/watch?v=D-rLwzFXcko
349,Ro6hUG7LsBs,A DUAL SCREEN Smart Phone?! - Durability Test,2018-02-23,1722254,41129,3468,PT5M31S,hd,true,2,2018,Friday,2.39,1,https://www.youtube.com/watch?v=Ro6hUG7LsBs
350,dKrFjdR2P9M,"Testing the Rugged CAT S41 - Scratch, Burn, BEND Tested!",2018-02-20,5074140,76492,4888,PT5M9S,hd,true,2,2018,Tuesday,1.51,1,https://www.youtube.com/watch?v=dKrFjdR2P9M
351,-3nEHRN6IPg,Blackberry Motion Teardown - Do not trust around Water...,2018-02-16,547227,15791,1055,PT6M43S,hd,true,2,2018,Friday,2.89,0,https://www.youtube.com/watch?v=-3nEHRN6IPg
352,9Vw5P-0hEKY,Mavic Air *ALMOST* Became my Least Favorite Drone - Review,2018-02-14,505573,11833,1206,PT9M6S,hd,true,2,2018,Wednesday,2.34,0,https://www.youtube.com/watch?v=9Vw5P-0hEKY
353,vx-MbKYOEao,BlackBerry Motion has a Nano Diamond Screen? - Durability test!,2018-02-12,2190638,48376,4302,PT5M20S,hd,true,2,2018,Monday,2.21,1,https://www.youtube.com/watch?v=vx-MbKYOEao
354,9te83XGyLqg,Mercedes A Class 2018 - The Most High Tech Mercedes yet!,2018-02-10,470669,12869,1114,PT6M57S,hd,true,2,2018,Saturday,2.73,0,https://www.youtube.com/watch?v=9te83XGyLqg
355,cvI-7VgON14,Huawei Mate 10 Pro Durability Test - Is Beauty Structural?,2018-02-08,849423,22256,2341,PT4M40S,hd,true,2,2018,Thursday,2.62,0,https://www.youtube.com/watch?v=cvI-7VgON14
356,4r3GR7XXzOo,Huawei Mate 10 Pro Teardown - Is true beauty on the Inside?,2018-02-06,1022955,22992,1508,PT5M40S,hd,true,2,2018,Tuesday,2.25,1,https://www.youtube.com/watch?v=4r3GR7XXzOo
357,LNAMOQyRaoc,The THINNEST Powerbank Ive ever opened...,2018-01-30,1148357,21409,1714,PT3M50S,hd,true,1,2018,Tuesday,1.86,1,https://www.youtube.com/watch?v=LNAMOQyRaoc
358,XaJSYxit1qI,This phone case is ILLEGAL...,2018-01-26,4060146,85145,5796,PT6M36S,hd,true,1,2018,Friday,2.1,1,https://www.youtube.com/watch?v=XaJSYxit1qI
359,Xrm5RGTHeF4,What is the Faraday Future?!,2018-01-18,307404,13954,1604,PT5M20S,hd,true,1,2018,Thursday,4.54,0,https://www.youtube.com/watch?v=Xrm5RGTHeF4
360,Op7--JXVVhE,Which Tech YouTubers have broken a Phone?,2018-01-08,2632839,84109,7883,PT13M4S,hd,true,1,2018,Monday,3.19,1,https://www.youtube.com/watch?v=Op7--JXVVhE
361,9uxnQLA6bwI,I *FINALLY* bought a new vehicle....,2018-01-06,2415854,74841,10836,PT11M4S,hd,true,1,2018,Saturday,3.1,1,https://www.youtube.com/watch?v=9uxnQLA6bwI
362,zrKYRM6iFh0,Nokia 2 Durability Test! - Will the cheapest Nokia survive?!,2017-12-22,894592,21799,1665,PT4M19S,hd,true,12,2017,Friday,2.44,0,https://www.youtube.com/watch?v=zrKYRM6iFh0
363,jjwLHqupXpM,Tesla makes a PHONE CHARGER?! - Teardown,2017-12-21,1993860,34362,1782,PT2M44S,hd,true,12,2017,Thursday,1.72,1,https://www.youtube.com/watch?v=jjwLHqupXpM
364,6D_BFaAewLU,Note 8 Camera Lens Replacement - Cracked Glass fix,2017-12-20,296484,11175,972,PT3M40S,hd,true,12,2017,Wednesday,3.77,0,https://www.youtube.com/watch?v=6D_BFaAewLU
365,r_IthceELIc,This Electric Bike FOLDS in HALF?! Testing a new off road beast.,2017-12-16,512155,12957,1288,PT9M22S,hd,true,12,2017,Saturday,2.53,0,https://www.youtube.com/watch?v=r_IthceELIc
366,vOzHcMUSHPI,How does this DEATH STAR speaker FLOAT!?,2017-12-15,943915,30950,1537,PT5M26S,hd,true,12,2017,Friday,3.28,0,https://www.youtube.com/watch?v=vOzHcMUSHPI
367,Gjs1QSa9fpI,Testing BLADE VORTEX Interactions with Devin Supertramp,2017-12-13,203507,7192,671,PT13M58S,hd,true,12,2017,Wednesday,3.53,0,https://www.youtube.com/watch?v=Gjs1QSa9fpI
368,-uRjxkIIY3A,Best Workout Headphones? - Why Beats Suck,2017-12-11,390350,16589,2130,PT5M,hd,true,12,2017,Monday,4.25,0,https://www.youtube.com/watch?v=-uRjxkIIY3A
369,lUVG7_uDWSg,Razer Phone Teardown! - HUGE Heat Pipe - tiny vibrator,2017-11-29,2432247,42060,2979,PT7M47S,hd,true,11,2017,Wednesday,1.73,1,https://www.youtube.com/watch?v=lUVG7_uDWSg
370,KrxDhokzEv4,Razer Phone Durability test - Scratch BURN and BEND tested!,2017-11-27,1965056,40644,4764,PT5M18S,hd,true,11,2017,Monday,2.07,1,https://www.youtube.com/watch?v=KrxDhokzEv4
371,Me5xFSCnyNw,Pixel 2 XL Durability Test! - Is Bigger Better?,2017-11-24,672099,19895,2166,PT5M14S,hd,true,11,2017,Friday,2.96,0,https://www.youtube.com/watch?v=Me5xFSCnyNw
372,Y1usMCRo108,OnePlus 5T Teardown! - Hidden water resistance?,2017-11-21,1383317,24675,1528,PT5M56S,hd,true,11,2017,Tuesday,1.78,1,https://www.youtube.com/watch?v=Y1usMCRo108
373,qv9Gt38LOKQ,OnePlus 5T Durability Test! Scratch and Bend tested!,2017-11-20,1407379,34978,2440,PT5M4S,hd,true,11,2017,Monday,2.49,1,https://www.youtube.com/watch?v=qv9Gt38LOKQ
374,w-ie7IdySHs,Anker PowerHouse Teardown - Ultimate Off Grid Power Supply!,2017-11-17,649058,15932,1075,PT4M28S,hd,true,11,2017,Friday,2.45,0,https://www.youtube.com/watch?v=w-ie7IdySHs
375,K2IOZ-5Nk5k,What is a Bump Stock? Should it be illegal?!,2017-11-15,9389007,249469,56565,PT6M45S,hd,true,11,2017,Wednesday,2.66,1,https://www.youtube.com/watch?v=K2IOZ-5Nk5k
376,qeWvgZLz9yU,A Smart... MUG?! - Take apart a Heated Thermos!,2017-11-13,1429384,40231,2750,PT5M52S,hd,true,11,2017,Monday,2.81,1,https://www.youtube.com/watch?v=qeWvgZLz9yU
377,c97ILI7Tsk4,iPhone X Teardown! - Screen and Battery Replacement shown in 5 minutes,2017-11-05,4032568,72299,3124,PT5M17S,hd,true,11,2017,Sunday,1.79,1,https://www.youtube.com/watch?v=c97ILI7Tsk4
378,3LqtO491Wzg,iPhone 8 DROP TEST! -- Don&#39;t drop your new iPhone... ever.,2017-11-01,923984,23527,2672,PT9M15S,hd,true,11,2017,Wednesday,2.55,0,https://www.youtube.com/watch?v=3LqtO491Wzg
379,Zq7nyzldgr4,Pixel 2 Teardown! - Its actually kinda cool...,2017-10-23,1886905,33504,1857,PT7M4S,hd,true,10,2017,Monday,1.78,1,https://www.youtube.com/watch?v=Zq7nyzldgr4
380,BVKnt7H4zVc,Pixel 2 Durability Test! - Scratch and BEND tested...,2017-10-20,2278742,44099,5912,PT7M53S,hd,true,10,2017,Friday,1.94,1,https://www.youtube.com/watch?v=BVKnt7H4zVc
381,_FYJixOPqKc,"LG V30 Durability Test! - Scratch, BURN, and BEND tested!",2017-10-18,1017812,23079,1783,PT5M37S,hd,true,10,2017,Wednesday,2.27,1,https://www.youtube.com/watch?v=_FYJixOPqKc
382,hvZIayO0bdE,What Car Do I Drive?! -- AskJerryRig #3,2017-10-13,606418,23846,2722,PT10M12S,hd,true,10,2017,Friday,3.93,0,https://www.youtube.com/watch?v=hvZIayO0bdE
383,RxJOLW30AwY,Google Pixel Back Camera Lens Replacement - CLEAR  Back Camera Mod!,2017-10-09,484601,12418,1081,PT4M6S,hd,true,10,2017,Monday,2.56,0,https://www.youtube.com/watch?v=RxJOLW30AwY
384,Me76mxespME,"Note 8 Teardown - Screen Replacement, Battery swap",2017-10-06,809564,15144,1052,PT6M21S,hd,true,10,2017,Friday,1.87,0,https://www.youtube.com/watch?v=Me76mxespME
385,UpxN9IYPQJc,"Nokia 8 Durability Test - Scratch, BURN and Bend Tested!",2017-10-04,1418860,26272,2038,PT5M1S,hd,true,10,2017,Wednesday,1.85,1,https://www.youtube.com/watch?v=UpxN9IYPQJc
386,L3TeP1G5lO0,Nintendo Switch CLEAR EDITION! - DIY Transparent Switch,2017-10-02,2698312,56906,4568,PT12M57S,hd,true,10,2017,Monday,2.11,1,https://www.youtube.com/watch?v=L3TeP1G5lO0
387,5y8CeU-W-Fw,Super NES Classic Edition! - Teardown - Unboxing - Repair Video,2017-09-30,545138,13964,2225,PT5M38S,hd,true,9,2017,Saturday,2.56,0,https://www.youtube.com/watch?v=5y8CeU-W-Fw
388,WWvSw-HUksI,This Under Water Drone Conquers the Ocean... in 4K!,2017-09-29,4363409,46585,2499,PT7M18S,hd,true,9,2017,Friday,1.07,1,https://www.youtube.com/watch?v=WWvSw-HUksI
389,GAb-l2CWPtw,What makes the iPhone 8 Waterproof? + Clear Back Mod!,2017-09-26,2575789,34940,2088,PT7M16S,hd,true,9,2017,Tuesday,1.36,1,https://www.youtube.com/watch?v=GAb-l2CWPtw
390,9EBgaxFfDA0,Scratching the $1300 dollar Apple Watch - is it really &#39;Sapphire&#39;?,2017-09-25,6258602,94153,7870,PT5M58S,hd,true,9,2017,Monday,1.5,1,https://www.youtube.com/watch?v=9EBgaxFfDA0
391,n2wJLnNJRHI,iPhone 8 DROP TEST!! - &#39;Most Durable Glass&#39; Ever?,2017-09-23,4275399,57773,4948,PT7M19S,hd,true,9,2017,Saturday,1.35,1,https://www.youtube.com/watch?v=n2wJLnNJRHI
392,lLAmL6Tz59Y,iPhone 8 Durability Test - BEND TEST - Glass Scratch Video!,2017-09-22,3930073,68815,5991,PT6M39S,hd,true,9,2017,Friday,1.75,1,https://www.youtube.com/watch?v=lLAmL6Tz59Y
393,dKk7F9uEWJ8,LG V30 Teardown - Best Cell Phone Camera Hardware Ever?!,2017-09-19,2971345,43270,3565,PT10M2S,hd,true,9,2017,Tuesday,1.46,1,https://www.youtube.com/watch?v=dKk7F9uEWJ8
394,ktl2mLsSq4o,Essential Phone Drop Test - TITANIUM and CERAMIC vs. GRAVITY!,2017-09-11,908804,30274,2507,PT6M44S,hd,true,9,2017,Monday,3.33,0,https://www.youtube.com/watch?v=ktl2mLsSq4o
395,N1Epc01uJC8,Make your iPhone 7 Apple LIGHT UP!! (iPhone 7 Plus logo too),2017-09-01,3378818,68404,2032,PT4M47S,hd,true,9,2017,Friday,2.02,1,https://www.youtube.com/watch?v=N1Epc01uJC8
396,2J1UgMAPNtw,Does the BlackBerry KeyOne screen STILL FALL OFF?? - Round 2,2017-08-17,603499,20761,1249,PT4M19S,hd,true,8,2017,Thursday,3.44,0,https://www.youtube.com/watch?v=2J1UgMAPNtw
397,enaBiv2j91U,How Naked can the DJI Spark get?! + Test flight,2017-07-26,496929,18272,1349,PT6M47S,hd,true,7,2017,Wednesday,3.68,0,https://www.youtube.com/watch?v=enaBiv2j91U
398,vjcoC2RkTlk,NEW Nokia 3310 Durability Test - 2017 Edition,2017-07-19,2621859,46902,3122,PT4M40S,hd,true,7,2017,Wednesday,1.79,1,https://www.youtube.com/watch?v=vjcoC2RkTlk
399,OkJQguSNekk,Xperia XZ PREMIUM Durability Test - Scratch Burn Bend Tested!,2017-07-10,1033580,26178,9837,PT5M18S,hd,true,7,2017,Monday,2.53,1,https://www.youtube.com/watch?v=OkJQguSNekk
400,adZcxqgw0Xo,Galaxy S8 Cracked Camera Lens Replacement,2017-07-07,489760,12149,698,PT3M32S,hd,true,7,2017,Friday,2.48,0,https://www.youtube.com/watch?v=adZcxqgw0Xo
401,DdRxmu2jcMs,"HTC U11 Durability Test - Scratch, Burn, Bend Test FAIL!",2017-06-13,1127607,20076,2482,PT7M9S,hd,true,6,2017,Tuesday,1.78,1,https://www.youtube.com/watch?v=DdRxmu2jcMs
402,herYV5TJ_m8,LG Gram 15 TEARDOWN - Drop Test Followup!,2017-06-07,357347,11842,1370,PT5M3S,hd,true,6,2017,Wednesday,3.31,0,https://www.youtube.com/watch?v=herYV5TJ_m8
403,nA_f3sjyzbE,Disney Castle in REAL LIFE! - Neuschwanstein Palace,2017-06-01,143715,7953,881,PT3M21S,hd,true,6,2017,Thursday,5.53,0,https://www.youtube.com/watch?v=nA_f3sjyzbE
404,hCs14nHtbE4,This PowerBank can charge your LAPTOP! - Teardown,2017-05-29,2242201,32332,2066,PT4M7S,hd,true,5,2017,Monday,1.44,1,https://www.youtube.com/watch?v=hCs14nHtbE4
405,haRKRKsPBFE,Original iPhone Durability Test! - Scratch and Bend Tested,2017-05-24,6398050,112273,8283,PT5M40S,hd,true,5,2017,Wednesday,1.75,1,https://www.youtube.com/watch?v=haRKRKsPBFE
406,ed6sQUm5kh8,LG Gram 15 - Laptop Durability Test! - Will It Survive?,2017-05-18,597401,19770,4029,PT5M15S,hd,true,5,2017,Thursday,3.31,0,https://www.youtube.com/watch?v=ed6sQUm5kh8
407,wEpsQIz3tPI,Xiaomi Mi6 Bend Test - Scratch Test - Durability Video,2017-05-10,2960714,46233,2897,PT5M51S,hd,true,5,2017,Wednesday,1.56,1,https://www.youtube.com/watch?v=wEpsQIz3tPI
408,w_dTXKhFWtE,"Galaxy S8 Durability Test - Scratch, Burn, and BEND tested",2017-04-19,8727956,107673,10251,PT8M8S,hd,true,4,2017,Wednesday,1.23,1,https://www.youtube.com/watch?v=w_dTXKhFWtE
409,mJ9rQ6yI04c,LG G6 Durability Test - Scratch BURN and BEND tested!!,2017-04-04,2264496,34694,3052,PT5M35S,hd,true,4,2017,Tuesday,1.53,1,https://www.youtube.com/watch?v=mJ9rQ6yI04c
410,1riMzZ6CjUI,NoPhone Durability Test - Scratch and BEND test!,2017-04-01,5339247,174029,14209,PT5M6S,hd,true,4,2017,Saturday,3.26,1,https://www.youtube.com/watch?v=1riMzZ6CjUI
411,W1Pxjjv_D30,Moto G4 Teardown - Screen Replacement - Repair Video,2017-03-30,425061,9229,877,PT4M58S,hd,true,3,2017,Thursday,2.17,0,https://www.youtube.com/watch?v=W1Pxjjv_D30
412,0M3Budnl3aI,Nokia 6 Teardown - Build Quality Review - Repair Video,2017-03-28,1547697,27314,1969,PT8M31S,hd,true,3,2017,Tuesday,1.76,1,https://www.youtube.com/watch?v=0M3Budnl3aI
413,6C7x100ic34,Red iPhone 7 Scratch Test - How durable is it?!,2017-03-26,806553,16365,1800,PT4M33S,hd,true,3,2017,Sunday,2.03,0,https://www.youtube.com/watch?v=6C7x100ic34
414,nAzfZ0lQJO0,Want a BLACK screen on your RED iPhone 7?,2017-03-24,7882347,98982,9753,PT5M42S,hd,true,3,2017,Friday,1.26,1,https://www.youtube.com/watch?v=nAzfZ0lQJO0
415,zZx1oQNQK6s,HTC U Ultra Teardown - A Waste of Space?!?,2017-03-21,2072387,32874,2163,PT9M12S,hd,true,3,2017,Tuesday,1.59,1,https://www.youtube.com/watch?v=zZx1oQNQK6s
416,oNmLUEE-YAk,"HTC Ultra Durability Test - Scratch, burn, BEND test!",2017-03-18,1445509,26607,3785,PT5M44S,hd,true,3,2017,Saturday,1.84,1,https://www.youtube.com/watch?v=oNmLUEE-YAk
417,_5aXkW0EFRI,"Nokia 6 Durability Test - Scratch, Burn, And BEND tested",2017-03-14,4874666,56851,5162,PT4M38S,hd,true,3,2017,Tuesday,1.17,1,https://www.youtube.com/watch?v=_5aXkW0EFRI
418,KX0nd8VwiVw,First Look INSIDE the LG G6 Smartphone,2017-03-03,1352815,26044,2321,PT9M9S,hd,true,3,2017,Friday,1.93,1,https://www.youtube.com/watch?v=KX0nd8VwiVw
419,lUY1rgxcfWA,Can an Electric Skateboard PULL A TESLA?!,2017-02-24,853083,14226,714,PT7M30S,hd,true,2,2017,Friday,1.67,0,https://www.youtube.com/watch?v=lUY1rgxcfWA
420,Lm9M0YMuqRI,Haiku Stairs: The ILLEGAL Stairway to Heaven,2017-02-12,271985,12324,1216,PT3M20S,hd,true,2,2017,Sunday,4.53,0,https://www.youtube.com/watch?v=Lm9M0YMuqRI
421,nRIhostn58w,DIY Project Valerie: BUILD YOUR OWN 3 Screen Laptop!!,2017-02-05,1519696,33368,2455,PT8M18S,hd,true,2,2017,Sunday,2.2,1,https://www.youtube.com/watch?v=nRIhostn58w
422,iXhw0hLmqG0,Honor 6X Durability Test - Scratch Test and Bend Test Fail,2017-02-01,2284703,37139,3782,PT6M54S,hd,true,2,2017,Wednesday,1.63,1,https://www.youtube.com/watch?v=iXhw0hLmqG0
423,fF2X6gcuZXU,HITLERS TERRIBLE TOWER - Giant World War 2 Anti Aircraft Flak Tower,2017-01-31,1032036,26099,1877,PT2M56S,hd,true,1,2017,Tuesday,2.53,1,https://www.youtube.com/watch?v=fF2X6gcuZXU
424,X5tIvJKFIzY,Moto G4 Durability Test - BEND TEST - Scratch test BURN TEST,2017-01-30,860637,15115,2425,PT4M31S,hd,true,1,2017,Monday,1.76,0,https://www.youtube.com/watch?v=X5tIvJKFIzY
425,Uf4zQA92o2I,LIFE SAVING Car Charger Vs. iPhone,2017-01-26,3163880,48923,1821,PT2M48S,hd,true,1,2017,Thursday,1.55,1,https://www.youtube.com/watch?v=Uf4zQA92o2I
426,rrQQBo8Pv5A,Samsungs Verdict on the Note 7 - What REALLY went wrong?,2017-01-24,1264022,29595,1589,PT4M38S,hd,true,1,2017,Tuesday,2.34,1,https://www.youtube.com/watch?v=rrQQBo8Pv5A
427,Bb2rTHPqWWI,Do I Need A Case?! - Tech YouTubers Respond,2017-01-20,2020927,49382,7415,PT6M45S,hd,true,1,2017,Friday,2.44,1,https://www.youtube.com/watch?v=Bb2rTHPqWWI
428,q5QjANhLX0k,This Car Charger will SAVE YOUR LIFE!! (Really!),2017-01-13,2083881,47446,2028,PT3M47S,hd,true,1,2017,Friday,2.28,1,https://www.youtube.com/watch?v=q5QjANhLX0k
429,htaULhRYKpE,Honor 8 Durability Test - Scratch test - BEND test,2017-01-11,4585171,54177,4096,PT5M15S,hd,true,1,2017,Wednesday,1.18,1,https://www.youtube.com/watch?v=htaULhRYKpE
430,ZTSKqPIxC_A,Xperia XZ Screen Repair - Battery Replacement - Complete Teardown,2017-01-10,1221026,13619,1457,PT7M18S,hd,true,1,2017,Tuesday,1.12,1,https://www.youtube.com/watch?v=ZTSKqPIxC_A
431,wKd_mGlQCrg,Zenfone 3 Deluxe Durability Test - an &#39;All Metal&#39; Design? - Asus,2017-01-04,1330714,23264,1924,PT5M13S,hd,true,1,2017,Wednesday,1.75,1,https://www.youtube.com/watch?v=wKd_mGlQCrg
432,gH2Uok-9Y8A,iPhone 7 Plus Screen Replacement done in 6 minutes,2017-01-02,3392912,42697,9772,PT6M17S,hd,true,1,2017,Monday,1.26,1,https://www.youtube.com/watch?v=gH2Uok-9Y8A
433,_A7QzyEiQ90,How to make a 72 Hour Kit -- #LIGHTtheWORLD,2016-12-19,139872,7988,671,PT3M39S,hd,true,12,2016,Monday,5.71,0,https://www.youtube.com/watch?v=_A7QzyEiQ90
434,WLOijOyX1P0,Do I lose money?! - How to stay Motivated - Q&amp;A #2,2016-12-15,736225,27798,2076,PT9M13S,hd,true,12,2016,Thursday,3.78,0,https://www.youtube.com/watch?v=WLOijOyX1P0
435,PWEftEO1TUs,DTEK50 BlackBerry - Durability Test - Scratch burn and BEND tested,2016-12-13,558296,14565,1031,PT4M45S,hd,true,12,2016,Tuesday,2.61,0,https://www.youtube.com/watch?v=PWEftEO1TUs
436,NtRp3S-stAU,Fossil Q Smart Watch Teardown - Repair Video!,2016-12-12,318048,5267,315,PT3M21S,hd,true,12,2016,Monday,1.66,0,https://www.youtube.com/watch?v=NtRp3S-stAU
437,9_GwHU2Z_6w,How to Get VIDEO from your doorbell - Skybell,2016-12-09,74521,2341,211,PT3M38S,hd,true,12,2016,Friday,3.14,0,https://www.youtube.com/watch?v=9_GwHU2Z_6w
438,RbIg_VTGtq4,The &#39;Tesla&#39; of Mountain Bikes?,2016-12-08,194892,5303,461,PT4M11S,hd,true,12,2016,Thursday,2.72,0,https://www.youtube.com/watch?v=RbIg_VTGtq4
439,yHA2HbNtcG4,What is the Gold Play Button REALLY made of?!?,2016-12-03,9043276,134435,7533,PT10M19S,hd,true,12,2016,Saturday,1.49,1,https://www.youtube.com/watch?v=yHA2HbNtcG4
440,7HF6fstZnts,Airbag vs iPhone - How much force does an airbag have?,2016-11-23,121867,3895,411,PT8M18S,hd,true,11,2016,Wednesday,3.2,0,https://www.youtube.com/watch?v=7HF6fstZnts
441,pfEaH0a8T54,Xyloband Hack - Reactivate your Coldplay wristband - Teardown,2016-11-19,290264,5902,462,PT4M22S,hd,true,11,2016,Saturday,2.03,0,https://www.youtube.com/watch?v=pfEaH0a8T54
442,VeLKqjvmFvQ,Mi Mix Drop Test - How durable is a Ceramic Phone?,2016-11-17,2764579,35121,2419,PT3M53S,hd,true,11,2016,Thursday,1.27,1,https://www.youtube.com/watch?v=VeLKqjvmFvQ
443,_CZj-l9MJmg,The Bezel-less Mi Mix - BEND TEST and Ceramic Scratch Test,2016-11-15,2927997,57023,5434,PT5M55S,hd,true,11,2016,Tuesday,1.95,1,https://www.youtube.com/watch?v=_CZj-l9MJmg
444,CQ-TfFDBlM8,NES Classic Edition - Teardown - Unboxing - Repair Video,2016-11-12,952484,13886,1075,PT5M4S,hd,true,11,2016,Saturday,1.46,0,https://www.youtube.com/watch?v=CQ-TfFDBlM8
445,KNgSDmkn96c,"LG V20 Teardown - Screen repair, Battery Swap, Charging port fix",2016-11-10,290582,9541,855,PT3M8S,hd,true,11,2016,Thursday,3.28,0,https://www.youtube.com/watch?v=KNgSDmkn96c
446,qNPDl7xzy6c,GoPro Karma vs DJI Mavic REAL flight Camera Test - Side by Side,2016-11-05,472685,3689,1061,PT4M44S,hd,true,11,2016,Saturday,0.78,0,https://www.youtube.com/watch?v=qNPDl7xzy6c
447,Z_Ie-l9Vago,Google Pixel vs iPhone 7 Plus - EXTREME LOW LIGHT -Side by Side camera test,2016-11-02,210569,5155,1126,PT5M40S,hd,true,11,2016,Wednesday,2.45,0,https://www.youtube.com/watch?v=Z_Ie-l9Vago
448,nBlUL-7Dl4U,LG V20 Scratch Test - Bend Test - BURN test - Durability Video!,2016-10-20,1151389,14581,1126,PT5M10S,hd,true,10,2016,Thursday,1.27,1,https://www.youtube.com/watch?v=nBlUL-7Dl4U
449,hIs6vLdHHKI,iPhone 7 Screen Replacement shown in 5 minutes,2016-10-19,3603378,25647,2050,PT5M28S,hd,true,10,2016,Wednesday,0.71,1,https://www.youtube.com/watch?v=hIs6vLdHHKI
450,e743HCkxfks,How to replace iPhone 7 Battery in 3 minutes,2016-10-18,2102943,26615,1093,PT3M23S,hd,true,10,2016,Tuesday,1.27,1,https://www.youtube.com/watch?v=e743HCkxfks
451,9xhCwHaIgEU,Ducati Monster S2R Rear Brake Pad replacement - Note 7 Camera Test,2016-10-04,56451,2199,378,PT6M25S,hd,true,10,2016,Tuesday,3.9,0,https://www.youtube.com/watch?v=9xhCwHaIgEU
452,mAMyiyTYUxQ,What makes the iPhone 7 WaterProof? - Ultimate Test!!,2016-09-16,2927988,32895,2164,PT4M49S,hd,true,9,2016,Friday,1.12,1,https://www.youtube.com/watch?v=mAMyiyTYUxQ
453,0vYfAqEyGV0,iPhone 7 Scratch test - BEND TEST - Durability video!,2016-09-16,18388149,161425,16065,PT5M45S,hd,true,9,2016,Friday,0.88,1,https://www.youtube.com/watch?v=0vYfAqEyGV0
454,_Cd2WIxKRDk,Note 7 Battery Explosion!! CAUGHT LIVE ON CAMERA!!,2016-09-04,14074041,190328,10548,PT4M27S,hd,true,9,2016,Sunday,1.35,1,https://www.youtube.com/watch?v=_Cd2WIxKRDk
455,k7H9OmV0OPI,"Redmi Note 3 - Durability Video - Scratch, Burn, Bend Test",2016-08-16,1088167,14794,2223,PT5M48S,hd,true,8,2016,Tuesday,1.36,1,https://www.youtube.com/watch?v=k7H9OmV0OPI
456,Kjl7HDc0REI,"Axon 7 Durability Test - Scratch, Burn, Bend - ZTE",2016-08-01,414718,8011,873,PT3M39S,hd,true,8,2016,Monday,1.93,0,https://www.youtube.com/watch?v=Kjl7HDc0REI
457,o3MGEGCC7Zk,LG 360 Cam teardown with Gwendolyn from iFixit,2016-07-31,51303,1300,150,PT3M17S,hd,true,7,2016,Sunday,2.53,0,https://www.youtube.com/watch?v=o3MGEGCC7Zk
458,-Vs7-spluvA,Galaxy S7 Camera Lens Replacement - S7 Edge Cracked Glass Fix,2016-07-17,689166,6569,781,PT3M40S,hd,true,7,2016,Sunday,0.95,0,https://www.youtube.com/watch?v=-Vs7-spluvA
459,jDPRtzjqSlo,Huawei P9 Teardown - Screen Replacement - Battery swap - Charging port fix,2016-07-12,294780,4302,360,PT7M26S,hd,true,7,2016,Tuesday,1.46,0,https://www.youtube.com/watch?v=jDPRtzjqSlo
460,qBSGmAoDcT0,"Xiaomi Redmi 3 Pro - Bend test, Scratch test, Burn test - Durability video",2016-07-11,2085789,18163,1369,PT4M33S,hd,true,7,2016,Monday,0.87,1,https://www.youtube.com/watch?v=qBSGmAoDcT0
461,zy-ZWX047-Q,GoPro 4 Teardown - Button fix - Crack Lens Replacement,2016-07-07,58416,1161,71,PT3M53S,hd,true,7,2016,Thursday,1.99,0,https://www.youtube.com/watch?v=zy-ZWX047-Q
462,TXbJzqMWDKE,Galaxy S7 Edge vs iPhone 6S+ vs LGG5 vs Lumia 950XL - Side by side Camera Test,2016-06-30,52099,1125,338,PT2M1S,hd,true,6,2016,Thursday,2.16,0,https://www.youtube.com/watch?v=TXbJzqMWDKE
463,8PZ8W_g6Vvk,OnePlus 3 Bend Test - Scratch Test - Burn Test - Durability video,2016-06-21,2038901,24295,1668,PT4M9S,hd,true,6,2016,Tuesday,1.19,1,https://www.youtube.com/watch?v=8PZ8W_g6Vvk
464,3IYaFmbwFOA,"Droid Turbo 2 Teardown - Screen Repair, Battery Replacement COMPLETE",2016-06-13,180892,2179,131,PT5M29S,hd,true,6,2016,Monday,1.2,0,https://www.youtube.com/watch?v=3IYaFmbwFOA
465,95UPBXsXtV0,How to make 360 degree video for YouTube using LG 360 - Complete!,2016-06-10,132050,2058,128,PT3M22S,hd,true,6,2016,Friday,1.56,0,https://www.youtube.com/watch?v=95UPBXsXtV0
466,RFYvn55M0Cc,360Â° Dangerous Yosemite Half Dome climb video!,2016-05-30,38967,878,184,PT7M40S,hd,true,5,2016,Monday,2.25,0,https://www.youtube.com/watch?v=RFYvn55M0Cc
467,JQY9hvott2o,Can you start a fire with the GEAR VR?!,2016-05-27,22652,821,112,PT3M26S,hd,true,5,2016,Friday,3.62,0,https://www.youtube.com/watch?v=JQY9hvott2o
468,h6Malpu9X64,Galaxy S7 Edge vs iPhone 6s Plus - Video Camera Test!,2016-05-18,86134,2030,480,PT5M17S,hd,true,5,2016,Wednesday,2.36,0,https://www.youtube.com/watch?v=h6Malpu9X64
469,MqE9v0l71GQ,What&#39;s inside the Samsung Gear VR? - Powered by Oculus,2016-05-10,82095,2389,158,PT2M46S,hd,true,5,2016,Tuesday,2.91,0,https://www.youtube.com/watch?v=MqE9v0l71GQ
470,5gO9UZATd1k,iPhone SE vs Nexus 5x Video Camera Test!,2016-04-29,105141,1426,181,PT3M44S,hd,true,4,2016,Friday,1.36,0,https://www.youtube.com/watch?v=5gO9UZATd1k
471,d2jav7UdQtE,Xiaomi Mi5 Bend Test - Scratch test - Burn test - Durability test,2016-04-21,3204128,21857,2025,PT3M45S,hd,true,4,2016,Thursday,0.68,1,https://www.youtube.com/watch?v=d2jav7UdQtE
472,xH6EoF8asPs,Huawei Mate 8 Bend test - Scratch test- Burn Test,2016-04-09,444647,3478,381,PT3M46S,hd,true,4,2016,Saturday,0.78,0,https://www.youtube.com/watch?v=xH6EoF8asPs
473,qMrOH-UyicA,Lego Star Wars: Solid Gold Lego Vs. Darth Vader - Untold Han Solo Story,2016-04-07,534673,11312,683,PT3M42S,hd,true,4,2016,Thursday,2.12,0,https://www.youtube.com/watch?v=qMrOH-UyicA
474,0GQ43cF5TuU,LG G5 - Bend Test - Scratch Test - Burn Test,2016-04-01,757735,7463,749,PT2M54S,hd,true,4,2016,Friday,0.98,0,https://www.youtube.com/watch?v=0GQ43cF5TuU
475,ATg_m_8tZho,Adding LED lights to the Zelda  treasure chest - DIY - GeekifyGuys,2016-03-24,24990,770,57,PT2M11S,hd,true,3,2016,Thursday,3.08,0,https://www.youtube.com/watch?v=ATg_m_8tZho
476,I7-usvOfZpQ,Galaxy S7 Reassembly - Screen Repair - Charging port fix - Battery replacement,2016-03-16,100075,2036,231,PT3M25S,hd,true,3,2016,Wednesday,2.03,0,https://www.youtube.com/watch?v=I7-usvOfZpQ
477,l5d2F6nP5MY,EIS vs OIS Camera Test with Nexus 6p vs Galaxy S7 Edge,2016-03-12,164045,4012,551,PT4M17S,hd,true,3,2016,Saturday,2.45,0,https://www.youtube.com/watch?v=l5d2F6nP5MY
478,A_S6pL5pznA,"Galaxy S7 Complete Tear down - Screen replacement, Charging port fix",2016-03-04,911773,9429,765,PT5M41S,hd,true,3,2016,Friday,1.03,0,https://www.youtube.com/watch?v=A_S6pL5pznA
479,D_bB5fnN7Jk,"Galaxy S7 Edge - Bend Test, Scratch test, Burn Test",2016-03-02,2211542,22330,1340,PT3M12S,hd,true,3,2016,Wednesday,1.01,1,https://www.youtube.com/watch?v=D_bB5fnN7Jk
480,OJ9-sTXPoek,"Huawei honor 5x - Bend Test, Scratch Test, Burn Test",2016-02-03,379406,3785,315,PT2M54S,hd,true,2,2016,Wednesday,1.0,0,https://www.youtube.com/watch?v=OJ9-sTXPoek
481,iNHfd4qdLbU,Sony Xperia Z5 Premium - Camera Lens Replacement - 2 Minutes,2016-02-01,101869,1182,114,PT2M17S,hd,true,2,2016,Monday,1.16,0,https://www.youtube.com/watch?v=iNHfd4qdLbU
482,XHnMLc2RBb4,Sony Xperia Z5 Premium - Screen Repair - Charging Port Fix - BEST Teardown,2016-01-28,255300,2677,276,PT6M23S,hd,true,1,2016,Thursday,1.05,0,https://www.youtube.com/watch?v=XHnMLc2RBb4
483,gVPa8sNY1Xw,"Sony Xperia Z5 Premium - Bend Test, Scratch Test, Burn Test - Durability",2016-01-26,2326477,17817,1335,PT2M58S,hd,true,1,2016,Tuesday,0.77,1,https://www.youtube.com/watch?v=gVPa8sNY1Xw
484,VVIGJCAx-I8,Nexus 6p False Advertising - Teardown - Repair Video,2016-01-12,463327,8253,835,PT6M7S,hd,true,1,2016,Tuesday,1.78,0,https://www.youtube.com/watch?v=VVIGJCAx-I8
485,MRyygRr0_gc,How to: Droid Turbo 2 ShatterShield Replacement Lens Installation,2016-01-08,51223,946,83,PT2M17S,hd,true,1,2016,Friday,1.85,0,https://www.youtube.com/watch?v=MRyygRr0_gc
486,Xn8BwCx3l3k,"LG V10 Durability Test - Scratch, Burn, and Bend Tested",2016-01-03,710821,9431,515,PT3M5S,hd,true,1,2016,Sunday,1.33,0,https://www.youtube.com/watch?v=Xn8BwCx3l3k
487,aORciBazy28,"Motorola Droid Turbo 2 - Scratch Test, Bend Test, Burn Test",2015-12-10,275672,3736,258,PT3M39S,hd,true,12,2015,Thursday,1.36,0,https://www.youtube.com/watch?v=aORciBazy28
488,lRj_F7b4JvE,"BlackBerry Priv Tear Down - Screen Repair, Battery Replacement",2015-11-30,450817,4960,438,PT7M30S,hd,true,11,2015,Monday,1.1,0,https://www.youtube.com/watch?v=lRj_F7b4JvE
489,1nY3bCMa-UQ,"Moto X Pure Edition (2015) Bend Test, Scratch test, Burn test, Moto Style",2015-11-24,200630,2750,279,PT3M5S,hd,true,11,2015,Tuesday,1.37,0,https://www.youtube.com/watch?v=1nY3bCMa-UQ
490,YdtBnjX_PXM,"BlackBerry Priv - Scratch Test, Burn Test, Bend Test",2015-11-18,666470,8047,329,PT2M56S,hd,true,11,2015,Wednesday,1.21,0,https://www.youtube.com/watch?v=YdtBnjX_PXM
491,uueytHo9_0g,Custom Engagement Ring - From Start to Finish - Casting,2015-11-10,180196,2647,144,PT4M34S,hd,false,11,2015,Tuesday,1.47,0,https://www.youtube.com/watch?v=uueytHo9_0g
492,hglbDfjFOLE,"LG Nexus 5x - Screen Repair, Battery Replacement, Camera Fix",2015-11-03,108914,1891,205,PT4M40S,hd,true,11,2015,Tuesday,1.74,0,https://www.youtube.com/watch?v=hglbDfjFOLE
493,0ZBQO1-kQTQ,iPhone 6S Battery Replacement in 3 minutes (Easy Method),2015-09-25,2454588,21921,1064,PT3M20S,hd,true,9,2015,Friday,0.89,1,https://www.youtube.com/watch?v=0ZBQO1-kQTQ
494,2WgiQ3C3iNQ,iPhone 6S Screen Replacement shown in 5 minutes,2015-09-25,2363301,20419,1549,PT5M15S,hd,true,9,2015,Friday,0.86,1,https://www.youtube.com/watch?v=2WgiQ3C3iNQ
495,Ve4sejMLkUw,"iPhone 6S BEND TEST, Scratch test, Burn test",2015-09-25,910976,12079,741,PT3M13S,hd,true,9,2015,Friday,1.33,0,https://www.youtube.com/watch?v=Ve4sejMLkUw
496,aQcbGNuI3JE,"Samsung Galaxy Note 5 Screen Repair, Charging port fix, Battery Replacement video",2015-08-21,827759,5669,691,PT6M44S,hd,true,8,2015,Friday,0.68,0,https://www.youtube.com/watch?v=aQcbGNuI3JE
497,UEH34hQn7xU,Adding Color to a Broken Galaxy S6 Edge -- oops fix,2015-04-29,43437,698,28,PT1M13S,hd,true,4,2015,Wednesday,1.61,0,https://www.youtube.com/watch?v=UEH34hQn7xU
498,J7-lhmW34CI,"Galaxy S6 FIRE test, Bend Test, Scratch test",2015-04-07,978088,10091,1066,PT5M19S,hd,true,4,2015,Tuesday,1.03,0,https://www.youtube.com/watch?v=J7-lhmW34CI
499,zJSr08DFyK4,"Galaxy S6 Screen Repair, Battery Replacement, Charging Port Fix Complete! GS6",2015-04-07,269782,4226,371,PT10M32S,hd,true,4,2015,Tuesday,1.57,0,https://www.youtube.com/watch?v=zJSr08DFyK4
